Workbook
Name _A1: #REF!
Name a: [1]Gold_Monthly!$K$2
Name Active_dt: #REF!
Name Active_qtr: #REF!
Name Active_yr: #REF!
Name ActiveQtrNo: #REF!
Name ag: #REF!
Name all: #REF!,#REF!,#REF!,#REF!
Name All_Countries: #REF!
Name ANALYSIS_TYPE: #REF!
Name annual: #REF!
Name Argentina: #REF!
Name Armenia: #REF!
Name asd: #REF!
Name Ashish: [2]Gold_Qrtly!$K$2
Name asset1: OFFSET('[3]Charts Avg'!$C$7,,,COUNTIF('[3]Charts Avg'!$C$7:$C$9,"<>"))
Name asset10: OFFSET('[3]Charts Avg'!$L$7,,,COUNTIF('[3]Charts Avg'!$L$7:$L$9,"<>"))
Name asset11: OFFSET('[3]Charts Avg'!$M$7,,,COUNTIF('[3]Charts Avg'!$M$7:$M$9,"<>"))
Name asset12: OFFSET('[3]Charts Avg'!$N$7,,,COUNTIF('[3]Charts Avg'!$N$7:$N$9,"<>"))
Name asset13: OFFSET('[3]Charts Avg'!$O$7,,,COUNTIF('[3]Charts Avg'!$O$7:$O$9,"<>"))
Name asset14: OFFSET('[3]Charts Avg'!$P$7,,,COUNTIF('[3]Charts Avg'!$P$7:$P$9,"<>"))
Name asset15: OFFSET('[3]Charts Avg'!$Q$7,,,COUNTIF('[3]Charts Avg'!$Q$7:$Q$9,"<>"))
Name asset16: OFFSET('[3]Charts Avg'!$R$7,,,COUNTIF('[3]Charts Avg'!$R$7:$R$9,"<>"))
Name asset17: OFFSET('[3]Charts Avg'!$S$7,,,COUNTIF('[3]Charts Avg'!$S$7:$S$9,"<>"))
Name asset18: OFFSET('[3]Charts Avg'!$T$7,,,COUNTIF('[3]Charts Avg'!$T$7:$T$9,"<>"))
Name asset2: OFFSET('[3]Charts Avg'!$D$7,,,COUNTIF('[3]Charts Avg'!$D$7:$D$9,"<>"))
Name asset3: OFFSET('[3]Charts Avg'!$E$7,,,COUNTIF('[3]Charts Avg'!$E$7:$E$9,"<>"))
Name asset4: OFFSET('[3]Charts Avg'!$F$7,,,COUNTIF('[3]Charts Avg'!$F$7:$F$9,"<>"))
Name asset5: OFFSET('[3]Charts Avg'!$G$7,,,COUNTIF('[3]Charts Avg'!$G$7:$G$9,"<>"))
Name asset6: OFFSET('[3]Charts Avg'!$H$7,,,COUNTIF('[3]Charts Avg'!$H$7:$H$9,"<>"))
Name asset7: OFFSET('[3]Charts Avg'!$I$7,,,COUNTIF('[3]Charts Avg'!$I$7:$I$9,"<>"))
Name asset8: OFFSET('[3]Charts Avg'!$J$7,,,COUNTIF('[3]Charts Avg'!$J$7:$J$9,"<>"))
Name asset9: OFFSET('[3]Charts Avg'!$K$7,,,COUNTIF('[3]Charts Avg'!$K$7:$K$9,"<>"))
Name ASSETS: #REF!
Name AUDx: INDIRECT("Daily_Indexed!AB2880:AB"&'Above-ground stocks'!MaxRow,1)
Name AUDx: INDIRECT("Daily_Indexed!AB2880:AB"&'Above-ground stocks'!MaxRow,1)
Name Australia: #REF!
Name AVG_GROWTH_YEARS: #REF!,#REF!,#REF!,#REF!,#REF!,#REF!,#REF!,#REF!,#REF!,#REF!,#REF!,#REF!,#REF!,#REF!,#REF!,#REF!,#REF!,#REF!,#REF!,#REF!,#REF!,#REF!,#REF!,#REF!,#REF!,#REF!,#REF!,#REF!,#REF!
Name Azerbaijan: #REF!
Name BB_ABS_REL: #REF!
Name BB_ADJ_FLAG: #REF!
Name BB_BEST_SOURCE: #REF!
Name BB_CASE_ON_OFF: #REF!
Name BB_CASE_SELECTION: #REF!
Name BB_CASE1: #REF!
Name BB_CASE2: #REF!
Name BB_CASE3: #REF!
Name BB_CRNCY: IF(ISBLANK(#REF!),#REF!,#REF!)
Name BB_DRIVERS_BEG_HIST_DATA: OFFSET(#REF!,0,1)
Name BB_DRIVERS_FY1: #REF!
Name BB_DRIVERS_FY2: #REF!
Name BB_DRIVERS_FY3: #REF!
Name BB_FUND_IND: #REF!
Name BB_FUNDING_GAP_TYPE: #REF!
Name BB_PPE_NET_GROSS: #REF!
Name BB_PRIM_PER: #REF!
Name BB_RI_PV_BASE: #REF!
Name BB_RI_PV_BEAR: #REF!
Name BB_RI_PV_BULL: #REF!
Name BB_RI_TV_BASE: #REF!

Sheet Currency Comp
B1: Dólar americano | C1: Euro | D1: Iene japonês | E1: Libra esterlina | F1: Dólar canadense | G1: Dólar australiano | H1: Yuan chinês | I1: Franco suíco | J1: Outras moedas | K1: Ouro | M1: Preço do Ouro
A2: 1999-Q1 | B2: 882325.11 | C2: 224608.5 | D2: 74773.498 | E2: 34014.702 | I2: 3571.2763 | J2: 20121.333 | M2: 286.76
A3: 1999-Q2 | B3: 918685.13 | C3: 223853.66 | D3: 71673.745 | E3: 35573.742 | I3: 3092.3568 | J3: 20845.13 | M3: 273.01
A4: 1999-Q3 | B4: 936039 | C4: 242702.36 | D4: 82726.03 | E4: 37029.314 | I4: 3193.2782 | J4: 22554.526 | M4: 259.21
A5: 1999-Q4 | B5: 979782.72 | C5: 246950.5 | D5: 87938.695 | E5: 39827.371 | I5: 3171.8646 | J5: 22033.791 | M5: 296.02 | O5: official foreign holdings of treasuries | R5: official foreign holdings of treasuries (% of reserves excluding usa) | S5: gold (% of foreign reserves excluding usa) | U5: United States total | V5: United States gold
A6: 2000-Q1 | B6: 1275674.5 | C6: 297939.52 | D6: 108165.73 | E6: 68573.693 | I6: 5505.958 | J6: 46028.487 | K6: 297573.77 | M6: 290.16 | O6: 633884 | Q6: =A6 -> 2000-Q1 | R6: =O6/(SUM(B6:K6)-U6) -> 0.32220962 | S6: =(K6-V6)/(SUM(B6:K6)-V7) -> 0.11123916 | U6: 132158.52 | V6: 72417.463
A7: 2000-Q2 | B7: 1304391.1 | C7: 309563.57 | D7: 125902.31 | E7: 60518.59 | I7: 3849.3588 | J7: 41376.305 | K7: 308196.14 | M7: 280.32 | O7: 630288 | Q7: =A7 -> 2000-Q2 | R7: =O7/(SUM(B7:K7)-U7) -> 0.31179212 | S7: =(K7-V7)/(SUM(B7:K7)-V8) -> 0.11180852 | U7: 132296.67 | V7: 75387.553
A8: 2000-Q3 | B8: 1320315 | C8: 306925.07 | D8: 131825.07 | E8: 61863.604 | I8: 4262.4165 | J8: 43800.236 | K8: 293061.99 | M8: 276.54 | O8: 619689 | Q8: =A8 -> 2000-Q3 | R8: =O8/(SUM(B8:K8)-U8) -> 0.30447753 | S8: =(K8-V8)/(SUM(B8:K8)-V9) -> 0.10595482 | U8: 126799.74 | V8: 71589.482
A9: 2000-Q4 | B9: 1347789.2 | C9: 338918.13 | D9: 126811.28 | E9: 65957.757 | I9: 5806.1677 | J9: 47299.748 | K9: 293061.6 | M9: 268.96 | O9: 639796 | Q9: =A9 -> 2000-Q4 | R9: =O9/(SUM(B9:K9)-U9) -> 0.30506507 | S9: =(K9-V9)/(SUM(B9:K9)-V10) -> 0.10252056 | U9: 128399.52 | V9: 71799.139
A10: 2001-Q1 | B10: 1366647.1 | C10: 333212.58 | D10: 114931.21 | E10: 65532.539 | I10: 5363.8052 | J10: 48701.335 | K10: 273950.29 | M10: 263.51 | O10: 655812 | Q10: =A10 -> 2001-Q1 | R10: =O10/(SUM(B10:K10)-U10) -> 0.3141246 | S10: =(K10-V10)/(SUM(B10:K10)-V11) -> 0.096620205 | U10: 120594.03 | V10: 67418.701
A11: 2001-Q2 | B11: 1387957.9 | C11: 333446.21 | D11: 112683.35 | E11: 60775.338 | I11: 5292.3576 | J11: 43755.01 | K11: 287330.69 | M11: 267.92 | O11: 636246 | Q11: =A11 -> 2001-Q2 | R11: =O11/(SUM(B11:K11)-U11) -> 0.3020165 | S11: =(K11-V11)/(SUM(B11:K11)-V12) -> 0.10051429 | U11: 124581.1 | V11: 70777.802
A12: 2001-Q3 | B12: 1444045.3 | C12: 366636.56 | D12: 116793.59 | E12: 62633.836 | I12: 5174.5976 | J12: 45384.154 | K12: 310180.77 | M12: 274.17 | O12: 651007 | Q12: =A12 -> 2001-Q3 | R12: =O12/(SUM(B12:K12)-U12) -> 0.29402059 | S12: =(K12-V12)/(SUM(B12:K12)-V13) -> 0.10243503 | U12: 136694.36 | V12: 76792.2
A13: 2001-Q4 | B13: 1458704.2 | C13: 379290.72 | D13: 111184.16 | E13: 64033.904 | I13: 5020.0517 | J13: 42559.092 | K13: 292768.83 | M13: 278.64 | O13: 720149 | Q13: =A13 -> 2001-Q4 | R13: =O13/(SUM(B13:K13)-U13) -> 0.32388311 | S13: =(K13-V13)/(SUM(B13:K13)-V14) -> 0.096863801 | U13: 130076.68 | V13: 72443
A14: 2002-Q1 | B14: 1476475.1 | C14: 398762.15 | D14: 98221.89 | E14: 68925.219 | I14: 6199.5823 | J14: 45297.098 | K14: 317993.54 | M14: 290.07 | O14: 724569 | Q14: =A14 -> 2002-Q1 | R14: =O14/(SUM(B14:K14)-U14) -> 0.31829902 | S14: =(K14-V14)/(SUM(B14:K14)-V15) -> 0.10265586 | U14: 135496.19 | V14: 78966.8
A15: 2002-Q2 | B15: 1525516.7 | C15: 451908.27 | D15: 139764.86 | E15: 73237.281 | I15: 6443.9682 | J15: 52967.083 | K15: 334195.01 | M15: 312.4 | O15: 743943 | Q15: =A15 -> 2002-Q2 | R15: =O15/(SUM(B15:K15)-U15) -> 0.30527828 | S15: =(K15-V15)/(SUM(B15:K15)-V16) -> 0.10033035 | U15: 147099.25 | V15: 83447
A16: 2002-Q3 | B16: 1549158.3 | C16: 491325.62 | D16: 134236.54 | E16: 83328.141 | I16: 7048.9299 | J16: 57699.677 | K16: 338823.02 | M16: 314.2 | O16: 753067 | Q16: =A16 -> 2002-Q3 | R16: =O16/(SUM(B16:K16)-U16) -> 0.29978868 | S16: =(K16-V16)/(SUM(B16:K16)-V17) -> 0.098812844 | U16: 149627.45 | V16: 84809.4
A17: 2002-Q4 | B17: 1572812.6 | C17: 555199.44 | D17: 135716.15 | E17: 88953.597 | I17: 9477.3994 | J17: 59818.502 | K17: 363503.21 | M17: 321.87 | O17: 811995 | Q17: =A17 -> 2002-Q4 | R17: =O17/(SUM(B17:K17)-U17) -> 0.30914863 | S17: =(K17-V17)/(SUM(B17:K17)-V18) -> 0.10101794 | U17: 158928.81 | V17: 90966.4
... A56: 2012-Q3 | B56: 6679225.5 | C56: 2307012.7 | D56: 484243.62 | E56: 518988.72 | I56: 37111.641 | J56: 780355.86 | K56: 1800328.6 | M56: 1652 | O56: 3958112 | Q56: =A56 -> 2012-Q3 | R56: =O56/(SUM(B56:K56)-U56) -> 0.3298204 | S56: =(K56-V56)/(SUM(B56:K56)-V57) -> 0.10973591 | U56: 606456.42 | V56: 464422.09
A57: 2012-Q4 | B57: 6780737.5 | C57: 2351759.6 | D57: 472856.54 | E57: 518126.81 | F57: 229640.57 | G57: 183455.43 | I57: 32981.994 | J57: 394659.5 | K57: 1688712.7 | M57: 1721.79 | O57: 4032835 | Q57: =A57 -> 2012-Q4 | R57: =O57/(SUM(B57:K57)-U57) -> 0.33383394 | S57: =(K57-V57)/(SUM(B57:K57)-V58) -> 0.10259741 | U57: 572568.34 | V57: 433434.47
A58: 2013-Q1 | B58: 6892963.1 | C58: 2334010.3 | D58: 469360.05 | E58: 515044.64 | F58: 243970.27 | G58: 199792.75 | I58: 38345.872 | J58: 409977.11 | K58: 1641405 | M58: 1631.77 | O58: 4093764 | Q58: =A58 -> 2013-Q1 | R58: =O58/(SUM(B58:K58)-U58) -> 0.3357845 | S58: =(K58-V58)/(SUM(B58:K58)-V59) -> 0.09840331 | U58: 553228.29 | V58: 417940.66
A59: 2013-Q2 | B59: 6917483 | C59: 2357139.9 | D59: 478216.68 | E59: 514108.85 | F59: 258107.29 | G59: 201299.83 | I59: 38240.181 | J59: 385883.39 | K59: 1228277.4 | M59: 1414.8 | O59: 4012216 | Q59: =A59 -> 2013-Q2 | R59: =O59/(SUM(B59:K59)-U59) -> 0.33624585 | S59: =(K59-V59)/(SUM(B59:K59)-V60) -> 0.076178522 | U59: 446368.32 | V59: 311706.72
A60: 2013-Q3 | B60: 7075446.4 | C60: 2442357.4 | D60: 489624.41 | E60: 538571.01 | F60: 265685.69 | G60: 206599.1 | I60: 39933.462 | J60: 401454.64 | K60: 1366084.5 | M60: 1326.28 | O60: 4017107 | Q60: =A60 -> 2013-Q3 | R60: =O60/(SUM(B60:K60)-U60) -> 0.32547811 | S60: =(K60-V60)/(SUM(B60:K60)-V61) -> 0.081466227 | U60: 483584.13 | V60: 346878.33
A61: 2013-Q4 | B61: 7222139.7 | C61: 2512915 | D61: 478517.93 | E61: 559464.08 | F61: 273662.06 | G61: 222532.5 | I61: 39388.099 | J61: 393524.41 | K61: 1240641.8 | M61: 1276.16 | O61: 4056270 | Q61: =A61 -> 2013-Q4 | R61: =O61/(SUM(B61:K61)-U61) -> 0.32465025 | S61: =(K61-V61)/(SUM(B61:K61)-V62) -> 0.073436473 | U61: 448508.92 | V61: 314975.46
A62: 2014-Q1 | B62: 7267882 | C62: 2581034.2 | D62: 495184.61 | E62: 559491.55 | F62: 272316.18 | G62: 223447.94 | I62: 40242.463 | J62: 413340.28 | K62: 1331001.6 | M62: 1293.06 | O62: 4053768 | Q62: =A62 -> 2014-Q1 | R62: =O62/(SUM(B62:K62)-U62) -> 0.31887028 | S62: =(K62-V62)/(SUM(B62:K62)-V63) -> 0.07735241 | U62: 471034.47 | V62: 337791.24
A63: 2014-Q2 | B63: 7364359.7 | C63: 2591985 | D63: 505319.21 | E63: 566540.33 | F63: 283836.15 | G63: 228686.2 | I63: 41171.978 | J63: 422875.93 | K63: 1356811.1 | M63: 1288.39 | O63: 4108219 | Q63: =A63 -> 2014-Q2 | R63: =O63/(SUM(B63:K63)-U63) -> 0.31887249 | S63: =(K63-V63)/(SUM(B63:K63)-V64) -> 0.077658772 | U63: 478006.21 | V63: 343871.09
A64: 2014-Q3 | B64: 7342597.9 | C64: 2436134.3 | D64: 484375.72 | E64: 551678.41 | F64: 272658.65 | G64: 219055.59 | I64: 39132.663 | J64: 424043.15 | K64: 1264576.3 | M64: 1281.94 | O64: 4148038 | Q64: =A64 -> 2014-Q3 | R64: =O64/(SUM(B64:K64)-U64) -> 0.32946754 | S64: =(K64-V64)/(SUM(B64:K64)-V65) -> 0.074413982 | U64: 444126.06 | V64: 318113.44
A65: 2014-Q4 | B65: 7271756.9 | C65: 2373228.3 | D65: 473494.89 | E65: 546977.43 | F65: 266527.75 | G65: 209072.05 | I65: 35631.218 | J65: 424365.03 | K65: 1251271.1 | M65: 1201.4 | O65: 4122566 | Q65: =A65 -> 2014-Q4 | R65: =O65/(SUM(B65:K65)-U65) -> 0.33198554 | S65: =(K65-V65)/(SUM(B65:K65)-V66) -> 0.074621988 | U65: 434416.19 | V65: 315367.71
A66: 2015-Q1 | B66: 7269246.7 | C66: 2254273.4 | D66: 474402.28 | E66: 544562.38 | F66: 259819.73 | G66: 197948.97 | I66: 36059.867 | J66: 402418.74 | K66: 1227032.2 | M66: 1218.45 | O66: 4138470 | Q66: =A66 -> 2015-Q1 | R66: =O66/(SUM(B66:K66)-U66) -> 0.33791328 | S66: =(K66-V66)/(SUM(B66:K66)-V67) -> 0.07416395 | U66: 418627.77 | V66: 310399.23
A67: 2015-Q2 | B67: 7273683.7 | C67: 2261523.1 | D67: 441207 | E67: 587155.24 | F67: 256865.08 | G67: 206454.34 | I67: 37685.908 | J67: 395093.43 | K67: 1235690.2 | M67: 1192.35 | O67: 4178877 | Q67: =A67 -> 2015-Q2 | R67: =O67/(SUM(B67:K67)-U67) -> 0.34030356 | S67: =(K67-V67)/(SUM(B67:K67)-V68) -> 0.074933198 | U67: 415506.84 | V67: 306215.24
A68: 2015-Q3 | B68: 7183577.5 | C68: 2188787.4 | D68: 422878.83 | E68: 564871.59 | F68: 233199.63 | G68: 182136.7 | I68: 31612.472 | J68: 375849.38 | K68: 1178358.2 | M68: 1124.31 | O68: 4147458 | Q68: =A68 -> 2015-Q3 | R68: =O68/(SUM(B68:K68)-U68) -> 0.34675466 | S68: =(K68-V68)/(SUM(B68:K68)-V69) -> 0.073406352 | U68: 400486.69 | V68: 291309.8
... A72: 2016-Q3 | B72: 7011474.6 | C72: 2147892.7 | D72: 474248.06 | E72: 515360.95 | F72: 230578.68 | G72: 213648.99 | I72: 21650.672 | J72: 376144.19 | K72: 1423486.8 | M72: 1334.78 | O72: 3899391 | Q72: =A72 -> 2016-Q3 | R72: =O72/(SUM(B72:K72)-U72) -> 0.32611065 | S72: =(K72-V72)/(SUM(B72:K72)-V73) -> 0.0889533 | U72: 457222 | V72: 345832.33
A73: 2016-Q4 | B73: 6931977.6 | C73: 2028548.5 | D73: 426691.29 | E73: 500001.4 | F73: 228405.78 | G73: 200425.36 | H73: 106876.71 | I73: 18780.019 | J73: 275641.46 | K73: 1237643.2 | M73: 1221.55 | O73: 3813442 | Q73: =A73 -> 2016-Q4 | R73: =O73/(SUM(B73:K73)-U73) -> 0.33019533 | S73: =(K73-V73)/(SUM(B73:K73)-V74) -> 0.080656471 | U73: 405942.43 | V73: 299651.62
A74: 2017-Q1 | B74: 6999726.2 | C74: 2072017.8 | D74: 485795.48 | E74: 498006.56 | F74: 226285 | G74: 213235.88 | H74: 112384.83 | I74: 19208.137 | J74: 273028.15 | K74: 1349282.2 | M74: 1219.49 | O74: 3880100 | Q74: =A74 -> 2017-Q1 | R74: =O74/(SUM(B74:K74)-U74) -> 0.32838537 | S74: =(K74-V74)/(SUM(B74:K74)-V75) -> 0.08585581 | U74: 433279.35 | V74: 325526.94
A75: 2017-Q2 | B75: 7060958.4 | C75: 2188687.8 | D75: 504465.65 | E75: 521000.06 | F75: 232426.11 | G75: 214845.29 | H75: 115627.91 | I75: 19645.578 | J75: 259454.32 | K75: 1349000.1 | M75: 1256.59 | O75: 3994397 | Q75: =A75 -> 2017-Q2 | R75: =O75/(SUM(B75:K75)-U75) -> 0.33202832 | S75: =(K75-V75)/(SUM(B75:K75)-V76) -> 0.084427365 | U75: 435821.18 | V75: 324847.04
A76: 2017-Q3 | B76: 7149100.7 | C76: 2232663.8 | D76: 501101.11 | E76: 534625.81 | F76: 240380.98 | G76: 219854.52 | H76: 123928.69 | I76: 19446.382 | J76: 271028.1 | K76: 1399551.6 | M76: 1277.91 | O76: 4070417 | Q76: =A76 -> 2017-Q3 | R76: =O76/(SUM(B76:K76)-U76) -> 0.33245995 | S76: =(K76-V76)/(SUM(B76:K76)-V77) -> 0.086127152 | U76: 448351.38 | V76: 335529.27
A77: 2017-Q4 | B77: 7175397.6 | C77: 2265390.4 | D77: 546623.18 | E77: 542200.07 | F77: 242674.35 | G77: 225334.22 | H77: 140712.75 | I77: 20408.109 | J77: 283943.01 | K77: 1411367.8 | M77: 1275.42 | O77: 4023954 | Q77: =A77 -> 2017-Q4 | R77: =O77/(SUM(B77:K77)-U77) -> 0.32440243 | S77: =(K77-V77)/(SUM(B77:K77)-V78) -> 0.085847795 | U77: 449847.02 | V77: 337595.11
A78: 2018-Q1 | B78: 7298489.7 | C78: 2310578.5 | D78: 528084.9 | E78: 552638.2 | F78: 223340.66 | G78: 215403.83 | H78: 169429.91 | I78: 19453.027 | J78: 286344.55 | K78: 1446119.1 | M78: 1329.28 | O78: 4051690 | Q78: =A78 -> 2018-Q1 | R78: =O78/(SUM(B78:K78)-U78) -> 0.32185989 | S78: =(K78-V78)/(SUM(B78:K78)-V79) -> 0.086453129 | U78: 461516.63 | V78: 346185.35
A79: 2018-Q2 | B79: 7176812.7 | C79: 2246341.3 | D79: 567229.7 | E79: 524310.15 | F79: 223315.67 | G79: 211824.86 | H79: 219094.87 | I79: 17582.612 | J79: 275259.58 | K79: 1371499.7 | M79: 1305.99 | O79: 3988634 | Q79: =A79 -> 2018-Q2 | R79: =O79/(SUM(B79:K79)-U79) -> 0.32186592 | S79: =(K79-V79)/(SUM(B79:K79)-V80) -> 0.083408487 | U79: 441049.01 | V79: 326991.33
A80: 2018-Q3 | B80: 7106618.6 | C80: 2247844.7 | D80: 576112.32 | E80: 516598.9 | F80: 226961.85 | G80: 209299.82 | H80: 213379.44 | I80: 16978.407 | J80: 284326.31 | K80: 1298737.4 | M80: 1213.19 | O80: 4010108 | Q80: =A80 -> 2018-Q3 | R80: =O80/(SUM(B80:K80)-U80) -> 0.3267235 | S80: =(K80-V80)/(SUM(B80:K80)-V81) -> 0.07994182 | U80: 423152.2 | V80: 310464.6
A81: 2018-Q4 | B81: 7089227.8 | C81: 2287938.9 | D81: 581443.06 | E81: 515219.2 | F81: 210706.59 | G81: 198716.81 | H81: 223820.49 | I81: 15259.185 | J81: 299927.23 | K81: 1407701.1 | M81: 1226.28 | O81: 3956774 | Q81: =A81 -> 2018-Q4 | R81: =O81/(SUM(B81:K81)-U81) -> 0.31959091 | S81: =(K81-V81)/(SUM(B81:K81)-V82) -> 0.085919904 | U81: 449214.12 | V81: 334457.13
A82: 2019-Q1 | B82: 7217266.5 | C82: 2267491.2 | D82: 628630.97 | E82: 532289.03 | F82: 228195.18 | G82: 207889.09 | H82: 230050.13 | I82: 14854.345 | J82: 275421.43 | K82: 1427091.8 | M82: 1303.79 | O82: 4080853 | Q82: =A82 -> 2019-Q1 | R82: =O82/(SUM(B82:K82)-U82) -> 0.32448757 | S82: =(K82-V82)/(SUM(B82:K82)-V83) -> 0.085962364 | U82: 452879.67 | V82: 338745.71
A83: 2019-Q2 | B83: 7241082.5 | C83: 2326030.5 | D83: 661361.98 | E83: 531452.34 | F83: 228637.34 | G83: 212398.38 | H83: 232074.37 | I83: 15122.56 | J83: 281771.28 | K83: 1559202.2 | M83: 1309.39 | O83: 4146061 | Q83: =A83 -> 2019-Q2 | R83: =O83/(SUM(B83:K83)-U83) -> 0.32382585 | S83: =(K83-V83)/(SUM(B83:K83)-V84) -> 0.092301003 | U83: 485767.11 | V83: 368451.99
A84: 2019-Q3 | B84: 7225366.8 | C84: 2274848 | D84: 665879.6 | E84: 526288.26 | F84: 223202.37 | G84: 207749.98 | H84: 233263.88 | I84: 15799.965 | J84: 272014.7 | K84: 1648462.2 | M84: 1472.47 | O84: 4150909 | Q84: =A84 -> 2019-Q3 | R84: =O84/(SUM(B84:K84)-U84) -> 0.32459618 | S84: =(K84-V84)/(SUM(B84:K84)-V85) -> 0.097703363 | U84: 504958.67 | V84: 388404.36
... A111: 2026-Q2 | B111: 7494549.6 | C111: 2722892.3 | D111: 656183.81 | E111: 604348.53 | F111: 326673.36 | G111: 296748.55 | H111: 279382.43 | I111: 35395.649 | J111: 800616.2 | K111: 4767238.7 | M111: 4506.29 | O111: 3806810 | Q111: =A111 -> 2026-Q2 | R111: =O111/(SUM(B111:K111)-U111) -> 0.2280756 | S111: =(K111-V111)/(SUM(B111:K111)-V112) -> 0.20654053 | U111: 1293028.3 | V111: 1052807.8
M112: 4262.18

Sheet Variação reservas de ouro acum
B1: Variação acumulada desde 2000 (toneladas)
B2: Afghanistan, Islamic Rep. of | C2: Albania | D2: Algeria | E2: Argentina | F2: Armenia, Rep. of | G2: Aruba, Kingdom of the Netherlands | H2: Australia | I2: Austria | J2: Azerbaijan, Rep. of | K2: Bahamas, The | L2: Bahrain, Kingdom of | M2: Bangladesh | N2: Bank Central Africa States (BEAC)9 | O2: Bank for International Settlements (BIS)2 | P2: Barbados | Q2: Belarus, Rep. of4 | R2: Belgium | S2: Belize | T2: Benin | U2: Bhutan | V2: Bolivia | W2: Bosnia and Herzegovina | X2: Brazil | Y2: Brunei Darussalam | Z2: Bulgaria | AA2: Burkina Faso | AB2: Burundi | AC2: Cabo Verde | AD2: Cambodia | AE2: Cameroon | AF2: Canada | AG2: Cayman Islands | AH2: Central African Rep. | AI2: Chad | AJ2: Chile | AK2: China, P.R.: Hong Kong | AL2: China, P.R.: Macao | AM2: China, P.R.: Mainland | AN2: Colombia | AO2: Comoros, Union of the | AP2: Congo, Dem. Rep. of the | AQ2: Congo, Rep. of | AR2: Costa Rica | AS2: Côte d'Ivoire | AT2: Croatia, Rep. of | AU2: Curaçao and Sint Maarten | AV2: Cyprus | AW2: Czech Rep. | AX2: Denmark | AY2: Dominican Rep. | AZ2: Ecuador | BA2: Egypt, Arab Rep. of | BB2: El Salvador | BC2: Equatorial Guinea, Rep. of | BD2: Eritrea, The State of | BE2: Estonia, Rep. of | BF2: Ethiopia, The Federal Dem. Rep. of | BG2: Euro Area | BH2: European Central Bank | BI2: Fiji, Rep. of | BJ2: Finland | BK2: France | BL2: Gabon | BM2: Georgia | BN2: Germany | BO2: Ghana | BP2: Greece | BQ2: Guatemala | BR2: Guinea | BS2: Guinea-Bissau | BT2: Haiti | BU2: Honduras | BV2: Hungary | BW2: Iceland | BX2: India | BY2: Indonesia | BZ2: International Monetary Fund (IMF)1 | CA2: Iraq | CB2: Ireland | CC2: Israel | CD2: Italy | CE2: Jamaica | CF2: Japan | CG2: Jordan | CH2: Kazakhstan, Rep. of | CI2: Kenya | CJ2: Korea, Rep. of | CK2: Kosovo, Rep. of | CL2: Kuwait | CM2: Kyrgyz Rep. | CN2: Lao People's Dem. Rep. | CO2: Latvia | CP2: Lebanon | CQ2: Lesotho, Kingdom of | CR2: Libya | CS2: Lithuania | CT2: Luxembourg | CU2: Malawi | CV2: Malaysia | CW2: Maldives | CX2: Mali | CY2: Malta | CZ2: Mauritania, Islamic Rep. of | DA2: Mauritius | DB2: Mexico | DC2: Micronesia, Federated States of | DD2: Moldova, Rep. of | DE2: Mongolia | DF2: Montenegro | DG2: Morocco | DH2: Mozambique, Rep. of | DI2: Myanmar | DJ2: Namibia | DK2: Nepal | DL2: Netherlands Antilles | DM2: Netherlands, The | DN2: New Zealand | DO2: Nicaragua | DP2: Niger | DQ2: Nigeria | DR2: North Macedonia, Republic of | DS2: Norway | DT2: Oman | DU2: Pakistan | DV2: Papua New Guinea | DW2: Paraguay | DX2: Peru | DY2: Philippines | DZ2: Poland, Rep. of | EA2: Portugal | EB2: Qatar | EC2: Romania | ED2: Russian Federation | EE2: Rwanda | EF2: San Marino, Rep. of | EG2: Saudi Arabia | EH2: Senegal | EI2: Serbia, Rep. of | EJ2: Singapore | EK2: Slovak Rep. | EL2: Slovenia, Rep. of | EM2: Solomon Islands | EN2: South Africa | EO2: South Sudan, Rep. of | EP2: Spain | EQ2: Sri Lanka | ER2: State Oil Fund of the Republic of Azerbaijan (SOFAZ)8 | ES2: Suriname | ET2: Sweden | EU2: Switzerland | EV2: Syrian Arab Rep. | EW2: Taiwan Province of China | EX2: Tajikistan, Rep. of | EY2: Tanzania, United Rep. of | EZ2: Thailand | FA2: Timor-Leste, Dem. Rep. of | FB2: Togo | FC2: Trinidad and Tobago | FD2: Tunisia | FE2: Türkiye, Rep of5 | FF2: Turkmenistan | FG2: Ukraine | FH2: United Arab Emirates | FI2: United Kingdom | FJ2: United States | FK2: Uruguay | FL2: Uzbekistan, Rep. of | FM2: Venezuela, Rep. Bolivariana de | FN2: Vietnam | FO2: West Bank and Gaza | FP2: Yemen, Rep. of | FQ2: Zambia | FR2: Zimbabwe | FS2: West African Economic and Monetary Union (WAEMU)3 | FT2: Total above (ex Euro Area - row 60)10 | FU2: IMF World6 (may not sum to country total) | FV2: Source: IMF IFS, Respective Central Banks, World Gold Council
A3: Q1 2000
A4: Q2 2000 | B4: #VALUE! | C4: 0.00041709434 | D4: 0 | E4: 0 | F4: 0.023171908 | G4: 0 | H4: 0 | I4: 0 | J4: 0 | K4: 0 | L4: 0 | M4: 0.045877267 | N4: 0 | O4: 0.12845635 | P4: 0 | Q4: #VALUE! | R4: 0 | S4: #VALUE! | T4: #VALUE! | U4: #VALUE! | V4: -0.0001878313 | W4: 0 | X4: 3.1701429 | Y4: 0 | Z4: 0.0056079749 | AA4: #VALUE! | AB4: 0 | AC4: 0 | AD4: 0 | AE4: 0 | AF4: -7.4958788 | AG4: #VALUE! | AH4: 0 | AI4: 0 | AJ4: -33.675469 | AK4: 0 | AL4: 0 | AM4: 0 | AN4: 0 | AO4: 0 | AP4: #VALUE! | AQ4: 0 | AR4: 0.0062206463 | AS4: #VALUE! | AT4: 0 | AU4: #VALUE! | AV4: 0.0031103232 | AW4: 0 | AX4: -7.5580853e-06 | AY4: 0.0092065566 | AZ4: 0 | BA4: 0 | BB4: 0 | BC4: 0 | BD4: 0 | BE4: 0 | BF4: -0.0011368231 | BG4: 0 | BH4: 0 | BI4: 0 | BJ4: 0 | BK4: 0 | BL4: 0 | BM4: 0 | BN4: 0 | BO4: 0 | BP4: 0.18661939 | BQ4: 0.040434201 | BR4: 0 | BS4: #VALUE! | BT4: 0 | BU4: 0 | BV4: 0 | BW4: 0 | BX4: 0 | BY4: 0 | BZ4: 0 | CA4: #VALUE! | CB4: 0 | CC4: 0 | CD4: 0 | CE4: 0 | CF4: 0 | CG4: 0.058380766 | CH4: 0.34567789 | CI4: 0 | CJ4: 0 | CK4: #VALUE! | CL4: 0 | CM4: 0 | CN4: -1.5462749 | CO4: -0.018661939 | CP4: 0 | CQ4: #VALUE! | CR4: 0 | CS4: 0 | CT4: 0 | CU4: 0 | CV4: 0 | CW4: 0 | CX4: #VALUE! | CY4: 0 | CZ4: 0 | DA4: 0 | DB4: 2.4129792 | DC4: 0 | DD4: 0 | DE4: 0.45357532 | DF4: #VALUE! | DG4: 0.0046876613 | DH4: 0.46656154 | DI4: #VALUE! | DJ4: 0 | DK4: 0 | DL4: 0 | DM4: 0 | DN4: 0 | DO4: 0 | DP4: #VALUE! | DQ4: 0 | DR4: 0.012999888 | DS4: -0.12441293 | DT4: 0 | DU4: 0 | DV4: 0 | DW4: 0 | DX4: 0 | DY4: 7.7758079 | DZ4: 0.031103232 | EA4: 0 | EB4: 0 | EC4: 0.62206463 | ED4: -79.188828 | EE4: 0 | EF4: 0 | EG4: 0 | EH4: #VALUE! | EI4: #VALUE! | EJ4: #VALUE! | EK4: 0 | EL4: 0 | EM4: #VALUE! | EN4: -0.62206463 | EO4: #VALUE! | EP4: 0 | EQ4: 1.0264066 | ER4: 0 | ES4: -0.00089999223 | ET4: -0.99999137 | EU4: -51.799553 | EV4: 0 | EW4: -0.62206463 | EX4: 0 | EY4: 0 | EZ4: 1.0264066 | FA4: #VALUE! | FB4: #VALUE! | FC4: 0 | FD4: 0.0047708314 | FE4: -0.02199981 | FF4: #VALUE! | FG4: 0.22083294 | FH4: 0 | FI4: -25.343676 | FJ4: -1.3988367 | FK4: 0.27992908 | FL4: #VALUE! | FM4: 9.0199372 | FN4: 0 | FO4: #VALUE! | FP4: 0 | FQ4: 0 | FR4: -1.3685422 | FS4: 0.31964791 | FT4: -176.52745 | FU4: -176.52745 | FV4: #VALUE!
A5: Q3 2000 | B5: #VALUE! | C5: -0.2575248 | D5: #VALUE! | E5: -9.7353115 | F5: 0.024882585 | G5: 0 | H5: 0.031103232 | I5: -29.983515 | J5: 0 | K5: 0 | L5: 0 | M5: 0.045846163 | N5: 0 | O5: 0.099530341 | P5: 0 | Q5: #VALUE! | R5: 0 | S5: #VALUE! | T5: #VALUE! | U5: #VALUE! | V5: -0.019511363 | W5: 0 | X5: 3.2553928 | Y5: 0 | Z5: 0.0044352586 | AA5: #VALUE! | AB5: 6.2206463e-06 | AC5: 0 | AD5: 0 | AE5: 0 | AF5: -9.3620727 | AG5: #VALUE! | AH5: 0 | AI5: 0 | AJ5: -33.663028 | AK5: 0 | AL5: 0 | AM5: 0 | AN5: -0.0093309695 | AO5: 0 | AP5: #VALUE! | AQ5: 0 | AR5: 0.0030792199 | AS5: #VALUE! | AT5: 0 | AU5: #VALUE! | AV5: 0.0062206463 | AW5: 0 | AX5: 0 | AY5: 0 | AZ5: 0 | BA5: 0 | BB5: 0 | BC5: 0 | BD5: -1.4356086 | BE5: 0 | BF5: -0.0011368231 | BG5: -29.983515 | BH5: 0 | BI5: 0 | BJ5: 0 | BK5: 0 | BL5: 0 | BM5: 0 | BN5: 0 | BO5: 0 | BP5: 0.34213555 | BQ5: 0.018661939 | BR5: 0 | BS5: #VALUE! | BT5: 0 | BU5: 0 | BV5: 0 | BW5: 0 | BX5: 0 | BY5: 0 | BZ5: 0 | CA5: #VALUE! | CB5: 0 | CC5: 0 | CD5: 0 | CE5: 0 | CF5: 9.9529141 | CG5: 0.076949395 | CH5: 1.214061 | CI5: 0.014742932 | CJ5: 0.026999767 | CK5: #VALUE! | CL5: 0 | CM5: -3.0885509e-05 | CN5: -1.8750805 | CO5: -0.018661939 | CP5: 0 | CQ5: #VALUE! | CR5: 0 | CS5: 0 | CT5: 0 | CU5: 0 | CV5: 0 | CW5: 0 | CX5: #VALUE! | CY5: 0 | CZ5: 0 | DA5: 0 | DB5: 1.9109835 | DC5: 0 | DD5: 0 | DE5: 4.5432304 | DF5: #VALUE! | DG5: 0.020195297 | DH5: 0.46654847 | DI5: #VALUE! | DJ5: 0 | DK5: -0.00012441293 | DL5: 0 | DM5: 0 | DN5: 0 | DO5: 0 | DP5: #VALUE! | DQ5: 0 | DR5: 0.12499892 | DS5: -0.12441293 | DT5: 0 | DU5: 0.080868402 | DV5: 0 | DW5: 0 | DX5: 0 | DY5: 13.965351 | DZ5: 0.031103232 | EA5: 0 | EB5: 0 | EC5: 0.87089049 | ED5: -56.296849 | EE5: 0 | EF5: 0 | EG5: 0 | EH5: #VALUE! | EI5: #VALUE! | EJ5: #VALUE! | EK5: 0 | EL5: 0 | EM5: #VALUE! | EN5: 55.05272 | EO5: #VALUE! | EP5: 0 | EQ5: 0.96420018 | ER5: 0 | ES5: 1.1376902 | ET5: 0 | EU5: -120.79896 | EV5: 0 | EW5: -0.62206463 | EX5: 0.091754533 | EY5: 0 | EZ5: 1.0264066 | FA5: #VALUE! | FB5: #VALUE! | FC5: 0.0018661939 | FD5: 0.014101801 | FE5: -0.086999249 | FF5: #VALUE! | FG5: 0.50387235 | FH5: 0 | FI5: -75.571176 | FJ5: -1.9095518 | FK5: -22.923082 | FL5: #VALUE! | FM5: 9.0199372 | FN5: 0 | FO5: #VALUE! | FP5: 0 | FQ5: 0 | FR5: -2.2705359 | FS5: 0.67030574 | FT5: -307.59525 | FU5: -133.95174
A6: Q4 2000 | B6: #VALUE! | C6: -0.25724519 | D6: 0 | E6: -9.7664147 | F6: 0.027992908 | G6: 0 | H6: 0.031103232 | I6: -29.983515 | J6: 0 | K6: 0 | L6: 0 | M6: 0.085938229 | N6: 0 | O6: 0.18661939 | P6: 0 | Q6: #VALUE! | R6: 0 | S6: #VALUE! | T6: #VALUE! | U6: #VALUE! | V6: -0.019511449 | W6: 0 | X6: -49.879337 | Y6: 0 | Z6: 0.011447607 | AA6: #VALUE! | AB6: 0 | AC6: 0 | AD6: 0 | AE6: 0 | AF6: -9.3620727 | AG6: #VALUE! | AH6: 0 | AI6: 0 | AJ6: -33.675469 | AK6: 0 | AL6: 0 | AM6: 0 | AN6: -0.0093309695 | AO6: 0 | AP6: #VALUE! | AQ6: 0 | AR6: 0.0032969426 | AS6: #VALUE! | AT6: 0 | AU6: #VALUE! | AV6: 0.018661939 | AW6: 0 | AX6: 0 | AY6: 0 | AZ6: 0 | BA6: -0.0068738142 | BB6: 0 | BC6: 0 | BD6: -1.4356086 | BE6: 0 | BF6: -0.0011368231 | BG6: -30.045722 | BH6: 0 | BI6: 0 | BJ6: 0 | BK6: 0 | BL6: 0 | BM6: 0 | BN6: 0 | BO6: 0 | BP6: 0.52875494 | BQ6: 0.018661939 | BR6: 1.3207449 | BS6: #VALUE! | BT6: 0 | BU6: 0 | BV6: 0 | BW6: 0 | BX6: 0 | BY6: 0 | BZ6: 0 | CA6: #VALUE! | CB6: 0 | CC6: 0 | CD6: 0 | CE6: 0 | CF6: 9.9529141 | CG6: 0.10211191 | CH6: 1.1776816 | CI6: 0.014742932 | CJ6: 0.026999767 | CK6: #VALUE! | CL6: 0 | CM6: -1.9595036e-06 | CN6: -1.8839672 | CO6: -0.018661939 | CP6: 0 | CQ6: #VALUE! | CR6: 0 | CS6: 0 | CT6: 0 | CU6: 0 | CV6: 0 | CW6: 0 | CX6: #VALUE! | CY6: -0.062206463 | CZ6: 0 | DA6: 0 | DB6: 0.95899173 | DC6: 0 | DD6: 0 | DE6: 2.2495474 | DF6: #VALUE! | DG6: 0.020833318 | DH6: 0.46654847 | DI6: #VALUE! | DJ6: 0 | DK6: -0.00012441293 | DL6: 0 | DM6: -0.031103232 | DN6: 0 | DO6: 0.45583714 | DP6: #VALUE! | DQ6: 0 | DR6: 0.1509987 | DS6: -0.031103232 | DT6: 0 | DU6: 0.080868402 | DV6: 0 | DW6: 0 | DX6: 0 | DY6: 21.351249 | DZ6: 0.031103232 | EA6: 0 | EB6: 0 | EC6: 1.2752325 | ED6: -38.194768 | EE6: 0 | EF6: 0 | EG6: 0 | EH6: #VALUE! | EI6: #VALUE! | EJ6: #VALUE! | EK6: 0 | EL6: 0 | EM6: #VALUE! | EN6: 59.09614 | EO6: #VALUE! | EP6: -0.031103232 | EQ6: 2.3327424 | ER6: 0 | ES6: 0.35369695 | ET6: 0 | EU6: -170.79853 | EV6: 0 | EW6: -0.31103232 | EX6: 0.092376598 | EY6: 0 | EZ6: 1.0264066 | FA6: #VALUE! | FB6: #VALUE! | FC6: 0.0052875494 | FD6: 0.076308264 | FE6: -0.15199869 | FF6: #VALUE! | FG6: 0.712264 | FH6: 0 | FI6: -100.77587 | FJ6: -1.8676869 | FK6: -22.829772 | FL6: #VALUE! | FM6: 7.4647756 | FN6: 0 | FO6: #VALUE! | FP6: 0 | FQ6: 0 | FR6: 0.74647756 | FS6: 1.0395011 | FT6: -216.29087 | FU6: -231.09074
A7: Q1 2001 | B7: #VALUE! | C7: -0.25699916 | D7: 0 | E7: -9.7664147 | F7: 0.031103232 | G7: 0 | H7: 0.031103232 | I7: -59.998134 | J7: 0 | K7: 0 | L7: 0 | M7: 0.085938229 | N7: 0 | O7: -1.9619919 | P7: 0 | Q7: #VALUE! | R7: -0.031103232 | S7: #VALUE! | T7: #VALUE! | U7: #VALUE! | V7: -0.019511414 | W7: 0 | X7: -83.772494 | Y7: 0 | Z7: 0.029546453 | AA7: #VALUE! | AB7: 0 | AC7: 0 | AD7: 0 | AE7: 0 | AF7: -9.9841374 | AG7: #VALUE! | AH7: 0 | AI7: 0 | AJ7: -33.675469 | AK7: 0 | AL7: 0 | AM7: 0 | AN7: -0.0093309695 | AO7: 0 | AP7: #VALUE! | AQ7: 0 | AR7: 0.0029859102 | AS7: #VALUE! | AT7: 0 | AU7: #VALUE! | AV7: 0.012441293 | AW7: -0.031103232 | AX7: -9.6420018e-06 | AY7: 0.0092065566 | AZ7: 0 | BA7: 0 | BB7: 0 | BC7: 0 | BD7: -1.4356086 | BE7: 0 | BF7: -0.0011368231 | BG7: 82.423547 | BH7: 19.470623 | BI7: 0 | BJ7: 0 | BK7: 0 | BL7: 0 | BM7: 0 | BN7: 0 | BO7: 0 | BP7: -8.9888339 | BQ7: 0.018661939 | BR7: 0.76525147 | BS7: #VALUE! | BT7: 0 | BU7: 0 | BV7: 0 | BW7: 0 | BX7: -0.0019999827 | BY7: 0 | BZ7: 0 | CA7: #VALUE! | CB7: 0 | CC7: 0 | CD7: 0 | CE7: 0 | CF7: 9.9529141 | CG7: 0.12786539 | CH7: 1.1167577 | CI7: 0.014742932 | CJ7: 0.04399962 | CK7: #VALUE! | CL7: -0.24882585 | CM7: -1.9595036e-06 | CN7: -1.8928538 | CO7: -0.021772262 | CP7: 0 | CQ7: #VALUE! | CR7: 0 | CS7: 0 | CT7: 0 | CU7: 0 | CV7: 0 | CW7: 0 | CX7: #VALUE! | CY7: -0.062206463 | CZ7: 0 | DA7: 0 | DB7: 0.25399781 | DC7: 0 | DD7: 0 | DE7: 3.1848745 | DF7: #VALUE! | DG7: 0.035406986 | DH7: 0.46654847 | DI7: #VALUE! | DJ7: 0 | DK7: -0.00012441293 | DL7: 0 | DM7: -0.031103232 | DN7: 0 | DO7: 0.45661566 | DP7: #VALUE! | DQ7: 0 | DR7: 0.1509987 | DS7: -0.031103232 | DT7: 0 | DU7: 0.080868402 | DV7: 0 | DW7: 0 | DX7: 0 | DY7: 24.961525 | DZ7: 0.031103232 | EA7: 0 | EB7: 0 | EC7: 1.337439 | ED7: -32.067432 | EE7: 0 | EF7: 0 | EG7: 0 | EH7: #VALUE! | EI7: #VALUE! | EJ7: #VALUE! | EK7: 0 | EL7: 0 | EM7: #VALUE! | EN7: 58.163043 | EO7: #VALUE! | EP7: -0.031103232 | EQ7: 1.4307487 | ER7: 0 | ES7: 0.18229843 | ET7: 0 | EU7: -221.69809 | EV7: 0 | EW7: -0.31103232 | EX7: 0.099219309 | EY7: 0 | EZ7: 1.0264066 | FA7: #VALUE! | FB7: #VALUE! | FC7: 0.0080868402 | FD7: 0.076308264 | FE7: -0.22299808 | FF7: #VALUE! | FG7: 0.90199372 | FH7: 0 | FI7: -151.2014 | FJ7: -1.6810675 | FK7: -30.51227 | FL7: #VALUE! | FM7: 17.41781 | FN7: 0 | FO7: #VALUE! | FP7: 0 | FQ7: 0 | FR7: 0.37323878 | FS7: 1.7033685 | FT7: -364.19391 | FU7: -378.99378
A8: Q2 2001 | B8: #VALUE! | C8: -0.25595658 | D8: 0 | E8: -10.046344 | F8: 0.032036329 | G8: 0 | H8: 0.031103232 | I8: -59.998134 | J8: 0 | K8: 0 | L8: 0 | M8: 0.14864234 | N8: 0 | O8: -1.9909179 | P8: 0 | Q8: #VALUE! | R8: -0.031103232 | S8: #VALUE! | T8: #VALUE! | U8: #VALUE! | V8: -0.019511364 | W8: 0 | X8: -80.914393 | Y8: 0 | Z8: 0.057365276 | AA8: #VALUE! | AB8: 0 | AC8: 0 | AD8: 0 | AE8: 0 | AF8: -9.9841374 | AG8: #VALUE! | AH8: 0 | AI8: 0 | AJ8: -33.675469 | AK8: 0 | AL8: 0 | AM8: 0 | AN8: -0.021772262 | AO8: 0 | AP8: #VALUE! | AQ8: 0 | AR8: 0.0027681876 | AS8: #VALUE! | AT8: 13.125564 | AU8: #VALUE! | AV8: 0.012441293 | AW8: -0.031103232 | AX8: 0 | AY8: 0.0092065566 | AZ8: 0 | BA8: -0.0068738142 | BB8: 0 | BC8: 0 | BD8: -1.4356086 | BE8: 0 | BF8: -4.8210009e-05 | BG8: 80.43294 | BH8: 19.470623 | BI8: 0 | BJ8: 0 | BK8: 0 | BL8: 0 | BM8: 0 | BN8: 0 | BO8: 0 | BP8: -8.9888339 | BQ8: 0.018661939 | BR8: 1.2700261 | BS8: #VALUE! | BT8: 0 | BU8: 0 | BV8: 0 | BW8: 0 | BX8: -0.007999931 | BY8: 0 | BZ8: 0 | CA8: #VALUE! | CB8: 0 | CC8: 0 | CD8: 0 | CE8: 0 | CF8: 11.665899 | CG8: 0.16833069 | CH8: 1.3049649 | CI8: 0.014742932 | CJ8: 0.04399962 | CK8: #VALUE! | CL8: 0 | CM8: 0.00031125004 | CN8: -1.9017404 | CO8: -0.021772262 | CP8: 0 | CQ8: #VALUE! | CR8: 0 | CS8: -0.0093309695 | CT8: 0 | CU8: 0 | CV8: 0 | CW8: 0 | CX8: #VALUE! | CY8: -0.062206463 | CZ8: 0 | DA8: 0 | DB8: -0.3829967 | DC8: 0 | DD8: 0 | DE8: 5.0716494 | DF8: #VALUE! | DG8: 0.035537775 | DH8: 0.46654847 | DI8: #VALUE! | DJ8: 0 | DK8: 0 | DL8: 0 | DM8: -2.0217101 | DN8: 0 | DO8: 0.45892196 | DP8: #VALUE! | DQ8: 0 | DR8: 2.6429772 | DS8: -0.031103232 | DT8: 0 | DU8: 0.080868402 | DV8: 0 | DW8: 0 | DX8: 0 | DY8: 25.93966 | DZ8: 0.031103232 | EA8: 0 | EB8: 0 | EC8: 1.337439 | ED8: -28.49056 | EE8: 0 | EF8: 0 | EG8: 0 | EH8: #VALUE! | EI8: #VALUE! | EJ8: #VALUE! | EK8: -5.0076203 | EL8: 7.5514951 | EM8: #VALUE! | EN8: 57.540979 | EO8: #VALUE! | EP8: -0.031103232 | EQ8: -0.43544524 | ER8: 0 | ES8: 0.55159524 | ET8: 0 | EU8: -269.69767 | EV8: 0 | EW8: -0.31103232 | EX8: 0.099841374 | EY8: 0 | EZ8: 2.0528133 | FA8: #VALUE! | FB8: #VALUE! | FC8: 0.014307487 | FD8: 0.030955616 | FE8: -0.26299773 | FF8: #VALUE! | FG8: 1.2472396 | FH8: 0 | FI8: -172.27811 | FJ8: -3.4923331 | FK8: -43.357905 | FL8: #VALUE! | FM8: 23.016391 | FN8: 0 | FO8: #VALUE! | FP8: 0 | FQ8: 0 | FR8: -3.6701813 | FS8: 2.1517216 | FT8: -402.47672 | FU8: -417.2766
A9: Q3 2001 | B9: #VALUE! | C9: -0.25644832 | D9: 0 | E9: -10.046344 | F9: 0.037323878 | G9: 0 | H9: 0.031103232 | I9: -59.998134 | J9: 0 | K9: 0 | L9: 0 | M9: 0.14864234 | N9: 0 | O9: -1.9619919 | P9: 0 | Q9: #VALUE! | R9: -0.031103232 | S9: #VALUE! | T9: #VALUE! | U9: #VALUE! | V9: -0.019511444 | W9: 0 | X9: -80.883367 | Y9: 0 | Z9: 0.067950795 | AA9: #VALUE! | AB9: -0.50576965 | AC9: 0 | AD9: 0 | AE9: 0 | AF9: -10.668408 | AG9: #VALUE! | AH9: 0 | AI9: 0 | AJ9: -33.675469 | AK9: 0 | AL9: 0 | AM9: 0 | AN9: -0.024882585 | AO9: 0 | AP9: #VALUE! | AQ9: 0 | AR9: 0.0044788654 | AS9: #VALUE! | AT9: 0 | AU9: #VALUE! | AV9: 0.018661939 | AW9: -0.062206463 | AX9: -9.6420018e-06 | AY9: 0.0092065566 | AZ9: 0 | BA9: -0.0068738142 | BB9: 0 | BC9: 0 | BD9: -1.4356076 | BE9: 0 | BF9: -4.8210009e-05 | BG9: 43.57561 | BH9: 19.470623 | BI9: 0 | BJ9: 0 | BK9: 0.031103232 | BL9: 0 | BM9: 0 | BN9: -12.036951 | BO9: 0 | BP9: -8.9888339 | BQ9: 0.05909614 | BR9: 1.942167 | BS9: #VALUE! | BT9: 0 | BU9: 0 | BV9: 0 | BW9: 0.062206463 | BX9: -0.0039999655 | BY9: 0 | BZ9: 0 | CA9: #VALUE! | CB9: 0 | CC9: 0 | CD9: 0 | CE9: 0 | CF9: 11.665899 | CG9: 0.19943392 | CH9: 1.3720361 | CI9: 0.014742932 | CJ9: 0.078999318 | CK9: #VALUE! | CL9: 0 | CM9: 0.00031125004 | CN9: -0.25771249 | CO9: -0.021772262 | CP9: 0 | CQ9: #VALUE! | CR9: 0 | CS9: -0.0093309695 | CT9: 0 | CU9: 0 | CV9: 0 | CW9: 0 | CX9: #VALUE! | CY9: -0.062206463 | CZ9: 0 | DA9: 0 | DB9: -0.97099162 | DC9: 0 | DD9: 0 | DE9: 5.6109172 | DF9: #VALUE! | DG9: 0.051936549 | DH9: -0.93309695 | DI9: #VALUE! | DJ9: 0 | DK9: -0.00031103232 | DL9: 0 | DM9: -26.904295 | DN9: 0 | DO9: 0.46014339 | DP9: #VALUE! | DQ9: 0 | DR9: 2.6579771 | DS9: -0.031103232 | DT9: 0 | DU9: 0.080868402 | DV9: 0 | DW9: 0 | DX9: 0 | DY9: 37.296134 | DZ9: 0.062206463 | EA9: 0.031103232 | EB9: 0 | EC9: 1.3996454 | ED9: -16.889055 | EE9: 0 | EF9: 0 | EG9: 0 | EH9: #VALUE! | EI9: #VALUE! | EJ9: #VALUE! | EK9: -5.0076203 | EL9: 7.5514951 | EM9: #VALUE! | EN9: 57.540979 | EO9: #VALUE! | EP9: -0.031103232 | EQ9: 0.15551616 | ER9: 0 | ES9: 0.16889854 | ET9: 0 | EU9: -320.09724 | EV9: 0 | EW9: -0.31103232 | EX9: 0.1231688 | EY9: 0 | EZ9: 2.7370844 | FA9: #VALUE! | FB9: #VALUE! | FC9: 0.014307487 | FD9: 0.017212124 | FE9: -0.32199722 | FF9: #VALUE! | FG9: 1.4587416 | FH9: 0 | FI9: -212.63458 | FJ9: 10.23147 | FK9: -56.20354 | FL9: #VALUE! | FM9: 26.437747 | FN9: 0 | FO9: #VALUE! | FP9: 0 | FQ9: 0 | FR9: -2.3638456 | FS9: 2.6062331 | FT9: -512.95045 | FU9: -527.75033
A10: Q4 2001 | B10: #VALUE! | C10: -0.28076825 | D10: 0 | E10: -10.077447 | F10: 0.037323878 | G10: 0 | H10: 0.031103232 | I10: -59.998134 | J10: 0 | K10: 0 | L10: 0 | M10: 0.14851793 | N10: 0 | O10: -1.9909179 | P10: 0 | Q10: #VALUE! | R10: -0.031103232 | S10: #VALUE! | T10: #VALUE! | U10: #VALUE! | V10: -0.019511412 | W10: 0 | X10: -81.629326 | Y10: 0 | Z10: 0.063633511 | AA10: #VALUE! | AB10: -0.50576965 | AC10: 0 | AD10: 0 | AE10: 0 | AF10: -13.467699 | AG10: #VALUE! | AH10: 0 | AI10: 0 | AJ10: -33.663028 | AK10: 0 | AL10: 0 | AM10: 105.75099 | AN10: -0.024882585 | AO10: 0 | AP10: #VALUE! | AQ10: 0 | AR10: 0.0035196833 | AS10: #VALUE! | AT10: 0 | AU10: #VALUE! | AV10: 0.0093309695 | AW10: -0.062206463 | AX10: -0.01213026 | AY10: 0.0092065566 | AZ10: 0 | BA10: -0.0068738142 | BB10: 0 | BC10: 0 | BD10: -1.4356086 | BE10: 0 | BF10: -4.8210009e-05 | BG10: 42.70472 | BH10: 19.470623 | BI10: -3.1225023e-17 | BJ10: 0 | BK10: 0 | BL10: 0 | BM10: 0 | BN10: -12.036951 | BO10: 0.031103232 | BP10: -9.4242792 | BQ10: 0.05909614 | BR10: 0.027140991 | BS10: #VALUE! | BT10: 0 | BU10: 9.3309695e-05 | BV10: 0 | BW10: 0.093309695 | BX10: -0.0029999741 | BY10: 0 | BZ10: 0 | CA10: #VALUE! | CB10: 0 | CC10: 0 | CD10: 0 | CE10: 0 | CF10: 11.665899 | CG10: 0.23053715 | CH10: 1.1830899 | CI10: 0.014742932 | CJ10: 0.10699908 | CK10: #VALUE! | CL10: 0 | CM10: 0.00031125004 | CN10: -0.15995948 | CO10: -0.021772262 | CP10: 0 | CQ10: #VALUE! | CR10: 0 | CS10: -0.0062206463 | CT10: 0 | CU10: 0 | CV10: 0 | CW10: 0 | CX10: #VALUE! | CY10: -0.031103232 | CZ10: 0 | DA10: 0 | DB10: 0.3939966 | DC10: 0 | DD10: 0 | DE10: 5.3352978 | DF10: #VALUE! | DG10: 0.051936549 | DH10: -0.15550154 | DI10: #VALUE! | DJ10: 0 | DK10: -0.00031103232 | DL10: 0 | DM10: -27.308637 | DN10: 0 | DO10: 0.46028211 | DP10: #VALUE! | DQ10: 0 | DR10: 2.6949767 | DS10: -0.031103232 | DT10: 0 | DU10: 0.080868402 | DV10: 0 | DW10: 0 | DX10: 0.46176321 | DY10: 44.740257 | DZ10: 0.093309695 | EA10: 0.031103232 | EB10: 0 | EC10: 1.5240583 | ED10: 0.37323878 | EE10: 0 | EF10: 0 | EG10: 0 | EH10: #VALUE! | EI10: #VALUE! | EJ10: #VALUE! | EK10: -5.0076203 | EL10: 7.5514951 | EM10: #VALUE! | EN10: 53.497558 | EO10: #VALUE! | EP10: -0.031103232 | EQ10: -0.18661939 | ER10: 0 | ES10: 0.62869458 | ET10: 0 | EU10: -391.69662 | EV10: 0 | EW10: -0.31103232 | EX10: 0.12534602 | EY10: 0 | EZ10: 4.5410718 | FA10: #VALUE! | FB10: #VALUE! | FC10: 0.023016391 | FD10: 0.021908712 | FE10: -0.33499711 | FF10: #VALUE! | FG10: 1.6298093 | FH10: 0 | FI10: -233.02201 | FJ10: 10.23147 | FK10: -56.20354 | FL10: #VALUE! | FM10: 29.237038 | FN10: 0 | FO10: #VALUE! | FP10: 0 | FQ10: 0 | FR10: -7.6202917 | FS10: 2.8697397 | FT10: -495.46464 | FU10: -510.26452
A11: Q1 2002 | B11: #VALUE! | C11: -0.28011508 | D11: 0 | E11: -10.077447 | F11: 0.037322046 | G11: 0 | H11: 0.031103232 | I11: -59.998134 | J11: 0 | K11: 0 | L11: 0 | M11: 0.14851793 | N11: 0 | O11: -2.0490809 | P11: 0 | Q11: #VALUE! | R11: -0.062206463 | S11: #VALUE! | T11: #VALUE! | U11: #VALUE! | V11: -0.88450379 | W11: 0 | X11: -81.602591 | Y11: 0 | Z11: 0.0017508009 | AA11: #VALUE! | AB11: -0.50576965 | AC11: 0 | AD11: 0 | AE11: 0 | AF11: -16.422506 | AG11: #VALUE! | AH11: 0 | AI11: 0 | AJ11: -35.591428 | AK11: 0 | AL11: 0 | AM11: 105.75099 | AN11: -0.024882585 | AO11: 0 | AP11: #VALUE! | AQ11: 0 | AR11: 0.0039854202 | AS11: #VALUE! | AT11: 0 | AU11: #VALUE! | AV11: 0.040434201 | AW11: -0.093309695 | AX11: -0.01213026 | AY11: 0.0092065566 | AZ11: 0 | BA11: -0.0068738142 | BB11: 0 | BC11: 0 | BD11: -1.4356126 | BE11: 0 | BF11: -4.8210009e-05 | BG11: 34.337951 | BH11: 19.470623 | BI11: -3.1225023e-17 | BJ11: 0.031103232 | BK11: 0 | BL11: 0 | BM11: 0 | BN11: -20.434823 | BO11: 0.031103232 | BP11: -9.393176 | BQ11: 0.05909614 | BR11: -0.29266244 | BS11: #VALUE! | BT11: 0 | BU11: 9.3309695e-05 | BV11: 0 | BW11: 0.08873752 | BX11: -0.0039999655 | BY11: 0 | BZ11: 0 | CA11: #VALUE! | CB11: 0 | CC11: 0 | CD11: 0 | CE11: 0 | CF11: 11.665899 | CG11: 0.26164038 | CH11: -1.2643662 | CI11: 0.014742932 | CJ11: 0.12199895 | CK11: #VALUE! | CL11: 0 | CM11: 0.00031125004 | CN11: -0.15995948 | CO11: -0.021772262 | CP11: 0 | CQ11: #VALUE! | CR11: 0 | CS11: -0.0031103232 | CT11: 0 | CU11: 0 | CV11: 0 | CW11: 0 | CX11: #VALUE! | CY11: -0.050927592 | CZ11: 0 | DA11: 0 | DB11: -0.47799588 | DC11: 0 | DD11: 0 | DE11: 1.3186713 | DF11: #VALUE! | DG11: 0.051936549 | DH11: -0.31103232 | DI11: #VALUE! | DJ11: 0 | DK11: -0.00031103232 | DL11: 0 | DM11: -27.308637 | DN11: 0 | DO11: 0.46028211 | DP11: #VALUE! | DQ11: 0 | DR11: 2.7109766 | DS11: -0.062206463 | DT11: 0 | DU11: 0.080868402 | DV11: 0 | DW11: 0 | DX11: 0.46176321 | DY11: 45.760909 | DZ11: 0.093309695 | EA11: 0.031103232 | EB11: 0 | EC11: 1.5240583 | ED11: 4.1056266 | EE11: 0 | EF11: 0 | EG11: 0 | EH11: #VALUE! | EI11: #VALUE! | EJ11: #VALUE! | EK11: -5.0076203 | EL11: 7.5514951 | EM11: #VALUE! | EN11: 53.808591 | EO11: #VALUE! | EP11: -0.031103232 | EQ11: -0.90199372 | ER11: 0 | ES11: 0.51469556 | ET11: 0 | EU11: -461.39602 | EV11: 0 | EW11: -0.31103232 | EX11: 0.22052191 | EY11: 0 | EZ11: 4.5410718 | FA11: #VALUE! | FB11: #VALUE! | FC11: 0.025815682 | FD11: 0.021908712 | FE11: -0.33499711 | FF11: #VALUE! | FG11: 1.7977668 | FH11: 0 | FI11: -273.79066 | FJ11: 10.23147 | FK11: -56.20354 | FL11: #VALUE! | FM11: 42.92246 | FN11: 0 | FO11: #VALUE! | FP11: 0 | FQ11: 0 | FR11: -10.543996 | FS11: 3.3665827 | FT11: -611.45232 | FU11: -627.94607
A12: Q2 2002 | B12: #VALUE! | C12: -0.27993282 | D12: 0 | E12: -10.065006 | F12: 0.037322046 | G12: 0 | H12: 0.031103232 | I12: -89.981649 | J12: 0 | K12: 0 | L12: 0 | M12: 0.17651084 | N12: 0 | O12: -2.0780069 | P12: 0 | Q12: #VALUE! | R12: -0.093309695 | S12: #VALUE! | T12: #VALUE! | U12: #VALUE! | V12: -0.88450373 | W12: 0 | X12: -81.587227 | Y12: 0 | Z12: -0.039948182 | AA12: #VALUE! | AB12: -0.50576965 | AC12: 0 | AD12: 0 | AE12: 0 | AF12: -19.377313 | AG12: #VALUE! | AH12: 0 | AI12: 0 | AJ12: -35.591428 | AK12: 0 | AL12: 0 | AM12: 105.12892 | AN12: -0.027992908 | AO12: 0 | AP12: #VALUE! | AQ12: 0 | AR12: 0.0023160972 | AS12: #VALUE! | AT12: 0 | AU12: #VALUE! | AV12: 0.031103232 | AW12: -0.093309695 | AX12: -0.01213026 | AY12: 0.0092065566 | AZ12: 0 | BA12: -0.0068738142 | BB12: 0 | BC12: 0 | BD12: -1.4356076 | BE12: 0 | BF12: 1.2618721 | BG12: -7.0405135 | BH12: 19.470623 | BI12: -3.1225023e-17 | BJ12: 0.031103232 | BK12: 0 | BL12: 0 | BM12: 0 | BN12: -22.798669 | BO12: 0.031103232 | BP12: -9.4242792 | BQ12: 0.19595036 | BR12: 0.36762807 | BS12: #VALUE! | BT12: 0 | BU12: 9.3309695e-05 | BV12: 0 | BW12: 0.095962801 | BX12: -0.0039999655 | BY12: 0 | BZ12: 0 | CA12: #VALUE! | CB12: 0 | CC12: 0 | CD12: 0 | CE12: 0 | CF12: 11.665899 | CG12: 0.32362913 | CH12: -1.86629 | CI12: 0.014742932 | CJ12: 0.12199895 | CK12: #VALUE! | CL12: 0 | CM12: 0.00031125004 | CN12: -0.15995948 | CO12: -0.021772262 | CP12: 0 | CQ12: #VALUE! | CR12: 0 | CS12: -0.0031103232 | CT12: 0 | CU12: 0 | CV12: 0 | CW12: 0 | CX12: #VALUE! | CY12: -0.060904513 | CZ12: 0 | DA12: 0 | DB12: -0.84999267 | DC12: 0 | DD12: 0 | DE12: 0.88934192 | DF12: #VALUE! | DG12: 0.067488165 | DH12: 1.5551762 | DI12: #VALUE! | DJ12: 0 | DK12: -0.00018661939 | DL12: 0 | DM12: -36.266368 | DN12: 0 | DO12: 0.46028211 | DP12: #VALUE! | DQ12: 0 | DR12: 2.7649761 | DS12: -0.062206463 | DT12: -9.0199372 | DU12: 0.1617368 | DV12: 0 | DW12: 0 | DX12: 0.46176321 | DY12: 52.154179 | DZ12: 0.093309695 | EA12: 0.062206463 | EB12: 0 | EC12: 1.5551616 | ED12: -35.79982 | EE12: 0 | EF12: 0 | EG12: 0 | EH12: #VALUE! | EI12: #VALUE! | EJ12: #VALUE! | EK12: -5.0076203 | EL12: 7.5460052 | EM12: #VALUE! | EN12: 53.497558 | EO12: #VALUE! | EP12: -0.062206463 | EQ12: -0.87089049 | ER12: 0 | ES12: 0.56419513 | ET12: 0 | EU12: -529.99543 | EV12: 0 | EW12: -0.31103232 | EX12: -0.068738142 | EY12: 0 | EZ12: 5.1631364 | FA12: #VALUE! | FB12: #VALUE! | FC12: 0.02761967 | FD12: 0.011613542 | FE12: -0.33499711 | FF12: #VALUE! | FG12: 1.9657242 | FH12: 0 | FI12: -274.1791 | FJ12: 10.23147 | FK12: -56.20354 | FL12: #VALUE! | FM12: 15.551616 | FN12: 0 | FO12: #VALUE! | FP12: 0 | FQ12: 0 | FR12: -9.8597244 | FS12: 3.7439271 | FT12: -791.13517 | FU12: -807.62893
A13: Q3 2002 | B13: #VALUE! | C13: -0.28408976 | D13: 0 | E13: -10.067805 | F13: 0.037322046 | G13: 0 | H13: 0.031103232 | I13: -89.981649 | J13: 0 | K13: 0 | L13: 0 | M13: 0.20179777 | N13: 0 | O13: -2.1069329 | P13: 0 | Q13: #VALUE! | R13: -0.093309695 | S13: #VALUE! | T13: #VALUE! | U13: #VALUE! | V13: -0.88450373 | W13: 0 | X13: -81.904462 | Y13: 0 | Z13: -0.039948182 | AA13: #VALUE! | AB13: -0.50576965 | AC13: 0 | AD13: 0 | AE13: 0 | AF13: -22.145501 | AG13: #VALUE! | AH13: 0 | AI13: 0 | AJ13: -35.712731 | AK13: 0 | AL13: 0 | AM13: 105.12892 | AN13: -0.024882585 | AO13: 0 | AP13: #VALUE! | AQ13: 0 | AR13: 0.0047630865 | AS13: #VALUE! | AT13: 0 | AU13: #VALUE! | AV13: 0.040434201 | AW13: -0.12441293 | AX13: -0.01213026 | AY13: 0.0093309695 | AZ13: 0 | BA13: -0.0068738142 | BB13: 0 | BC13: 0 | BD13: -2.6386522 | BE13: 0 | BF13: 1.2618721 | BG13: -7.0094103 | BH13: 19.470623 | BI13: -3.1225023e-17 | BJ13: 0 | BK13: 0 | BL13: 0 | BM13: 0 | BN13: -22.798669 | BO13: 0.031103232 | BP13: -9.3620727 | BQ13: 0.11819228 | BR13: 0.68195733 | BS13: #VALUE! | BT13: 0 | BU13: 9.3309695e-05 | BV13: 0 | BW13: 0.10257535 | BX13: -0.0039999655 | BY13: 0 | BZ13: 0 | CA13: #VALUE! | CB13: 0 | CC13: 0 | CD13: 0 | CE13: 0 | CF13: 11.665899 | CG13: 0.35495008 | CH13: -1.8435347 | CI13: 0.014742932 | CJ13: 0.19499832 | CK13: #VALUE! | CL13: 0 | CM13: 0.00031125004 | CN13: -0.15995948 | CO13: -0.021772262 | CP13: 0 | CQ13: #VALUE! | CR13: 0 | CS13: -0.0031103232 | CT13: 0 | CU13: 0 | CV13: 0 | CW13: 0 | CX13: #VALUE! | CY13: -0.10234214 | CZ13: 0 | DA13: 0 | DB13: 0.79399315 | DC13: 0 | DD13: 0 | DE13: 4.6467171 | DF13: #VALUE! | DG13: 0.073358931 | DH13: 1.5544991 | DI13: #VALUE! | DJ13: 0 | DK13: -0.00018661939 | DL13: 0 | DM13: -36.266368 | DN13: 0 | DO13: 0.46028211 | DP13: #VALUE! | DQ13: 0 | DR13: 2.8199757 | DS13: -0.062206463 | DT13: -9.0199372 | DU13: 0.1617368 | DV13: 0 | DW13: 0 | DX13: 0.46176321 | DY13: 59.944667 | DZ13: 0.093309695 | EA13: 0.062206463 | EB13: 0 | EC13: 1.617368 | ED13: -35.70651 | EE13: 0 | EF13: 0 | EG13: 0 | EH13: #VALUE! | EI13: #VALUE! | EJ13: #VALUE! | EK13: -5.0076203 | EL13: 7.5444595 | EM13: #VALUE! | EN13: 49.454138 | EO13: #VALUE! | EP13: -0.062206463 | EQ13: -1.0886131 | ER13: 0 | ES13: -6.8087413 | ET13: 0 | EU13: -603.0948 | EV13: 0 | EW13: -0.31103232 | EX13: -0.068738142 | EY13: 0 | EZ13: 5.1631364 | FA13: #VALUE! | FB13: #VALUE! | FC13: 0.02761967 | FD13: 0.0069480576 | FE13: -0.3359971 | FF13: #VALUE! | FG13: 2.136792 | FH13: 0 | FI13: -274.31294 | FJ13: 10.23147 | FK13: -56.20354 | FL13: #VALUE! | FM13: 13.37439 | FN13: 0 | FO13: #VALUE! | FP13: 0 | FQ13: 0 | FR13: -9.4864856 | FS13: 4.2485148 | FT13: -870.71729 | FU13: -887.21105
A14: Q4 2002 | B14: #VALUE! | C14: -1.2180176 | D14: 0 | E14: -10.077447 | F14: 0.037322046 | G14: 0 | H14: 0.031103232 | I14: -89.981649 | J14: 0 | K14: 0 | L14: 0 | M14: 0.20170446 | N14: 1.8661939e-05 | O14: -2.1070275 | P14: 0 | Q14: #VALUE! | R14: -0.12441293 | S14: #VALUE! | T14: #VALUE! | U14: #VALUE! | V14: -0.88450373 | W14: 0 | X14: -82.168847 | Y14: 0 | Z14: -0.039948182 | AA14: #VALUE! | AB14: -0.50576965 | AC14: 0 | AD14: 0 | AE14: 0 | AF14: -27.557463 | AG14: #VALUE! | AH14: 0 | AI14: 6.2206463e-06 | AJ14: -35.715841 | AK14: 0 | AL14: 0 | AM14: 204.9703 | AN14: -0.024882585 | AO14: 0 | AP14: #VALUE! | AQ14: -6.2206463e-06 | AR14: 0.0085316819 | AS14: #VALUE! | AT14: 0 | AU14: #VALUE! | AV14: 0.034213555 | AW14: -0.12441293 | AX14: -0.043233492 | AY14: 0.0092065566 | AZ14: 0 | BA14: 0 | BB14: 0 | BC14: 0 | BD14: -2.6386522 | BE14: 0 | BF14: 1.2618721 | BG14: -46.075069 | BH14: 19.470623 | BI14: -3.1225023e-17 | BJ14: 0 | BK14: 0.062206463 | BL14: -9.3309695e-06 | BM14: 0 | BN14: -22.798669 | BO14: 0.031103232 | BP14: -9.6420018 | BQ14: 0.031103232 | BR14: 7.4305188 | BS14: #VALUE! | BT14: 0 | BU14: 9.3309695e-05 | BV14: 0 | BW14: 0.10936829 | BX14: -0.0039999655 | BY14: 0 | BZ14: 0 | CA14: #VALUE! | CB14: 0 | CC14: 0 | CD14: 0 | CE14: 0 | CF14: 11.665899 | CG14: 0.38288078 | CH14: -2.9000617 | CI14: 0.015551616 | CJ14: 0.19499832 | CK14: #VALUE! | CL14: 0 | CM14: 0.00031125004 | CN14: -0.15995948 | CO14: -0.021772262 | CP14: 0 | CQ14: #VALUE! | CR14: 0 | CS14: -0.0031103232 | CT14: 0 | CU14: 0 | CV14: 0 | CW14: 0 | CX14: #VALUE! | CY14: -0.075929676 | CZ14: 0 | DA14: 0 | DB14: 0.19099835 | DC14: 0 | DD14: 0 | DE14: 4.0392949 | DF14: #VALUE! | DG14: 0.082324407 | DH14: 0.31104693 | DI14: #VALUE! | DJ14: 0 | DK14: -0.00018661939 | DL14: 0 | DM14: -60.15365 | DN14: 0 | DO14: 0.46028211 | DP14: #VALUE! | DQ14: 0 | DR14: 2.8199757 | DS14: -0.062206463 | DT14: -9.0199372 | DU14: 0.1617368 | DV14: 0 | DW14: 0 | DX14: 0.46176321 | DY14: 68.013872 | DZ14: 0.12441293 | EA14: -14.867345 | EB14: 0 | EC14: 1.6484713 | ED14: -34.928929 | EE14: 0 | EF14: 0 | EG14: 0 | EH14: #VALUE! | EI14: #VALUE! | EJ14: #VALUE! | EK14: -5.0076203 | EL14: 7.5444552 | EM14: #VALUE! | EN14: 49.143106 | EO14: #VALUE! | EP14: -0.062206463 | EQ14: -1.3996454 | ER14: 0 | ES14: -6.9770398 | ET14: 0 | EU14: -673.49419 | EV14: 0 | EW14: -0.31103232 | EX14: -0.068738142 | EY14: 0 | EZ14: 5.1631364 | FA14: #VALUE! | FB14: #VALUE! | FC14: 0.02954807 | FD14: 0.0069430189 | FE14: -0.33499711 | FF14: #VALUE! | FG14: 9.9312619 | FH14: 0 | FI14: -274.39844 | FJ14: 10.23147 | FK14: -56.191098 | FL14: #VALUE! | FM14: 17.41781 | FN14: 0 | FO14: #VALUE! | FP14: 0 | FQ14: 0 | FR14: -9.393176 | FS14: 4.5919256 | FT14: -863.3459 | FU14: -879.83965
A15: Q1 2003 | B15: #VALUE! | C15: -1.579572 | D15: 0 | E15: -10.069197 | F15: 0.037322046 | G15: 0 | H15: 0.031103232 | I15: -89.981649 | J15: 0 | K15: 0 | L15: 0 | M15: 0.20484588 | N15: 1.8661939e-05 | O15: -7.0715008 | P15: 0 | Q15: #VALUE! | R15: -0.12441293 | S15: #VALUE! | T15: #VALUE! | U15: #VALUE! | V15: -0.88450373 | W15: 0 | X15: -82.162496 | Y15: 0 | Z15: -0.036303225 | AA15: #VALUE! | AB15: -0.50576965 | AC15: 0 | AD15: 0 | AE15: 0 | AF15: -30.387857 | AG15: #VALUE! | AH15: 0 | AI15: 6.2206463e-06 | AJ15: -35.715841 | AK15: 0 | AL15: 0 | AM15: 204.9703 | AN15: -0.031103232 | AO15: 0 | AP15: #VALUE! | AQ15: -6.2206463e-06 | AR15: -0.00069118293 | AS15: #VALUE! | AT15: 0 | AU15: #VALUE! | AV15: 0.034213555 | AW15: -0.15551616 | AX15: -0.03060558 | AY15: 0.0093309695 | AZ15: 0 | BA15: 0 | BB15: 0 | BC15: 0 | BD15: -2.6386522 | BE15: 0 | BF15: 1.2618795 | BG15: -85.171831 | BH15: 19.470623 | BI15: -3.1225023e-17 | BJ15: 0 | BK15: 0.062206463 | BL15: -9.3309695e-06 | BM15: 0 | BN15: -22.798669 | BO15: 0.031103232 | BP15: -9.797518 | BQ15: 0.12752325 | BR15: 7.4305188 | BS15: #VALUE! | BT15: 0 | BU15: 9.3309695e-05 | BV15: 0 | BW15: 0.11601505 | BX15: -0.0039999655 | BY15: 0 | BZ15: 0 | CA15: #VALUE! | CB15: 0 | CC15: 0 | CD15: 0 | CE15: 0 | CF15: 11.665899 | CG15: 0.39354919 | CH15: -3.3585892 | CI15: 0.015551616 | CJ15: 0.26999767 | CK15: #VALUE! | CL15: 0 | CM15: 0.00031125004 | CN15: 1.2352426 | CO15: -0.021772262 | CP15: 0 | CQ15: #VALUE! | CR15: 0 | CS15: -0.0031103232 | CT15: 0.031103232 | CU15: 0 | CV15: 0 | CW15: 0 | CX15: #VALUE! | CY15: -0.013759603 | CZ15: 0 | DA15: 0 | DB15: -0.35499694 | DC15: 0 | DD15: 0 | DE15: 2.4694908 | DF15: #VALUE! | DG15: 0.082342851 | DH15: 0.93311157 | DI15: #VALUE! | DJ15: 0 | DK15: -0.00018661939 | DL15: 0 | DM15: -69.266897 | DN15: 0 | DO15: 0.46028211 | DP15: #VALUE! | DQ15: 0 | DR15: 2.8199757 | DS15: -0.093309695 | DT15: -9.0199372 | DU15: 0.1617368 | DV15: 0 | DW15: 0 | DX15: 0.46176321 | DY15: 70.941153 | DZ15: 0.12441293 | EA15: -44.726447 | EB15: 0 | EC15: 1.6484713 | ED15: -35.364374 | EE15: 0 | EF15: 0 | EG15: 0 | EH15: #VALUE! | EI15: #VALUE! | EJ15: #VALUE! | EK15: -5.0076203 | EL15: 7.5444552 | EM15: #VALUE! | EN15: 43.544524 | EO15: #VALUE! | EP15: -0.062206463 | EQ15: -3.7323878 | ER15: 0 | ES15: -7.0358393 | ET15: 0 | EU15: -743.99358 | EV15: 0 | EW15: -0.31103232 | EX15: -0.068738142 | EY15: 0 | EZ15: 5.1631364 | FA15: #VALUE! | FB15: #VALUE! | FC15: 0.034244658 | FD15: 0.0081743336 | FE15: -0.33499711 | FF15: #VALUE! | FG15: 10.242294 | FH15: 0 | FI15: -274.61687 | FJ15: -4.1500142 | FK15: -56.190986 | FL15: #VALUE! | FM15: 20.217101 | FN15: 0 | FO15: #VALUE! | FP15: 0 | FQ15: 0 | FR15: -13.778732 | FS15: 4.5917079 | FT15: -999.60541 | FU15: -1016.0992
A16: Q2 2003 | B16: #VALUE! | C16: -1.5795294 | D16: 0 | E16: -10.069643 | F16: 0.037322046 | G16: 0 | H16: 0.031103232 | I16: -89.981649 | J16: 0 | K16: 0 | L16: 0 | M16: 0.18503312 | N16: 1.8661939e-05 | O16: -5.5248055 | P16: 0 | Q16: #VALUE! | R16: -0.21772262 | S16: #VALUE! | T16: #VALUE! | U16: #VALUE! | V16: -0.88450373 | W16: 0 | X16: -82.157619 | Y16: 0 | Z16: -0.036303225 | AA16: #VALUE! | AB16: -0.50576965 | AC16: 0 | AD16: 0 | AE16: 0 | AF16: -36.5774 | AG16: #VALUE! | AH16: 0 | AI16: 6.2206463e-06 | AJ16: -35.715841 | AK16: 0 | AL16: 0 | AM16: 204.9703 | AN16: -0.031103232 | AO16: 0 | AP16: #VALUE! | AQ16: -6.2206463e-06 | AR16: 0.00018879019 | AS16: #VALUE! | AT16: 0 | AU16: #VALUE! | AV16: 0.037323878 | AW16: -0.093309695 | AX16: -0.028509004 | AY16: 0.0093309695 | AZ16: 0 | BA16: 0 | BB16: 0 | BC16: 0 | BD16: -2.6386522 | BE16: 0 | BF16: 1.2618721 | BG16: -132.9464 | BH16: 19.470623 | BI16: -3.1225023e-17 | BJ16: 0 | BK16: 0.062206463 | BL16: -9.3309695e-06 | BM16: 0 | BN16: -25.629063 | BO16: 0.031103232 | BP16: -9.797518 | BQ16: 0.13996454 | BR16: 7.4305188 | BS16: #VALUE! | BT16: 0 | BU16: 9.3309695e-05 | BV16: 0 | BW16: 0.12242854 | BX16: -0.0039999655 | BY16: 0 | BZ16: 0 | CA16: #VALUE! | CB16: 0 | CC16: 0 | CD16: 0 | CE16: 0 | CF16: 11.665899 | CG16: 0.40763895 | CH16: 15.138225 | CI16: 0.015551616 | CJ16: 0.26999767 | CK16: #VALUE! | CL16: 0 | CM16: 0.00031125004 | CN16: 1.2352426 | CO16: -0.021772262 | CP16: 0 | CQ16: #VALUE! | CR16: 0 | CS16: -0.0031103232 | CT16: 0.031103232 | CU16: 0 | CV16: 0 | CW16: 0 | CX16: #VALUE! | CY16: -0.075966066 | CZ16: 0 | DA16: 0 | DB16: -0.73099369 | DC16: 0 | DD16: 0 | DE16: 3.3280996 | DF16: #VALUE! | DG16: 0.082342851 | DH16: 0.31104693 | DI16: #VALUE! | DJ16: 0 | DK16: -0.00018661939 | DL16: 0 | DM16: -69.298 | DN16: 0 | DO16: 0.46028211 | DP16: #VALUE! | DQ16: 0 | DR16: 2.8199757 | DS16: -0.093309695 | DT16: -9.0199372 | DU16: 0.1617368 | DV16: 0 | DW16: 0 | DX16: 0.46176321 | DY16: 68.450188 | DZ16: 0.093309695 | EA16: -89.515101 | EB16: 0 | EC16: 1.6484713 | ED16: -34.960032 | EE16: 0 | EF16: 0 | EG16: 0 | EH16: #VALUE! | EI16: #VALUE! | EJ16: #VALUE! | EK16: -5.0076203 | EL16: 7.5444552 | EM16: #VALUE! | EN16: -0.62206463 | EO16: #VALUE! | EP16: -0.093309695 | EQ16: -3.7323878 | ER16: 0 | ES16: -7.0365393 | ET16: 0 | EU16: -812.19299 | EV16: 0 | EW16: -0.31103232 | EX16: 0.088022146 | EY16: 0 | EZ16: 5.1631364 | FA16: #VALUE! | FB16: #VALUE! | FC16: 0.035924233 | FD16: 0.0081743336 | FE16: -0.33499711 | FF16: #VALUE! | FG16: 10.242294 | FH16: -6.1895431 | FI16: -275.03025 | FJ16: -3.4903735 | FK16: -56.191004 | FL16: #VALUE! | FM16: 43.233492 | FN16: 0 | FO16: #VALUE! | FP16: 0 | FQ16: 0 | FR16: -13.778732 | FS16: 4.5916146 | FT16: -1134.0051 | FU16: -1150.4988
A17: Q3 2003 | B17: #VALUE! | C17: -1.5794865 | D17: 0 | E17: -10.070024 | F17: 0.037322046 | G17: 0 | H17: 0.031103232 | I17: -89.981649 | J17: 0 | K17: 0 | L17: 0 | M17: 0.19038288 | N17: 1.8661939e-05 | O17: -5.5270339 | P17: 0 | Q17: #VALUE! | R17: -0.21772262 | S17: #VALUE! | T17: #VALUE! | U17: #VALUE! | V17: -0.88450379 | W17: 0 | X17: -82.166697 | Y17: 0 | Z17: -0.036303225 | AA17: #VALUE! | AB17: -0.50576965 | AC17: 0 | AD17: 0 | AE17: 0 | AF17: -40.80744 | AG17: #VALUE! | AH17: 0 | AI17: 6.2206463e-06 | AJ17: -35.715841 | AK17: 0 | AL17: 0 | AM17: 204.9703 | AN17: -0.031103232 | AO17: 0 | AP17: #VALUE! | AQ17: -6.2206463e-06 | AR17: 0.0045577876 | AS17: #VALUE! | AT17: 0 | AU17: #VALUE! | AV17: 0.049765171 | AW17: -0.12441293 | AX17: -0.043048272 | AY17: 0.0092065566 | AZ17: 0 | BA17: 0 | BB17: 0 | BC17: 0 | BD17: -2.6386522 | BE17: 0 | BF17: 1.2618721 | BG17: -157.36243 | BH17: 19.470623 | BI17: -3.1225023e-17 | BJ17: 0 | BK17: 0.031103232 | BL17: -9.3309695e-06 | BM17: 0 | BN17: -29.081522 | BO17: 0.031103232 | BP17: -24.820379 | BQ17: 0.13996454 | BR17: 7.4305188 | BS17: #VALUE! | BT17: 0 | BU17: 9.3309695e-05 | BV17: 0 | BW17: 0.12844079 | BX17: -0.0039999655 | BY17: 0 | BZ17: 0 | CA17: #VALUE! | CB17: 0 | CC17: 0 | CD17: 0 | CE17: 0 | CF17: 11.665899 | CG17: 0.41613014 | CH17: -2.6556174 | CI17: 0.015551616 | CJ17: 0.34499702 | CK17: #VALUE! | CL17: 0 | CM17: 2.1772262e-07 | CN17: 1.2352426 | CO17: -0.021772262 | CP17: 0 | CQ17: #VALUE! | CR17: 0 | CS17: -0.0031103232 | CT17: -0.031103232 | CU17: 0 | CV17: 0 | CW17: 0 | CX17: #VALUE! | CY17: -0.075966066 | CZ17: 0 | DA17: 0 | DB17: -1.0799907 | DC17: 0 | DD17: 0 | DE17: 2.4190632 | DF17: #VALUE! | DG17: 0.083830581 | DH17: -0.3110177 | DI17: #VALUE! | DJ17: 0 | DK17: -0.00018661939 | DL17: 0 | DM17: -75.114304 | DN17: 0 | DO17: 0.46028211 | DP17: #VALUE! | DQ17: 0 | DR17: -0.578995 | DS17: -0.093309695 | DT17: -9.0199372 | DU17: 0.23638456 | DV17: 0 | DW17: 0 | DX17: 0.46176321 | DY17: 58.974526 | DZ17: 0.093309695 | EA17: -89.546204 | EB17: 0 | EC17: 1.6484713 | ED17: -34.493484 | EE17: 0 | EF17: 0 | EG17: 0 | EH17: #VALUE! | EI17: #VALUE! | EJ17: #VALUE! | EK17: -5.0076203 | EL17: 7.5436188 | EM17: #VALUE! | EN17: -0.93309695 | EO17: #VALUE! | EP17: -0.093309695 | EQ17: -2.9229054 | ER17: 0 | ES17: -6.9728398 | ET17: 0 | EU17: -885.59236 | EV17: 0 | EW17: 1.5551616 | EX17: 0.13312183 | EY17: 0 | EZ17: 5.1631364 | FA17: #VALUE! | FB17: #VALUE! | FC17: 0.03708034 | FD17: 0.0081743336 | FE17: -0.33499711 | FF17: #VALUE! | FG17: 9.6202295 | FH17: -6.1895431 | FI17: -275.03025 | FJ17: -3.5678016 | FK17: -56.191286 | FL17: #VALUE! | FM17: 23.949488 | FN17: 0 | FO17: #VALUE! | FP17: 0 | FQ17: 0 | FR17: -13.778732 | FS17: 4.5916146 | FT17: -1288.6228 | FU17: -1305.1166
... A19: Q1 2004 | B19: #VALUE! | C19: -1.5794025 | D19: 0 | E19: 18.247734 | F19: -1.3592112 | G19: 0 | H19: 0.031103232 | I19: -89.981649 | J19: 0 | K19: 0 | L19: 0 | M19: 0.20204659 | N19: 1.8661939e-05 | O19: -4.7166044 | P19: 0 | Q19: #VALUE! | R19: -0.27992908 | S19: #VALUE! | T19: #VALUE! | U19: #VALUE! | V19: -0.88450379 | W19: 0 | X19: -82.160443 | Y19: 0 | Z19: -0.058075488 | AA19: #VALUE! | AB19: -0.50576965 | AC19: 0 | AD19: 0 | AE19: 0 | AF19: -42.798047 | AG19: #VALUE! | AH19: 0 | AI19: 6.2206463e-06 | AJ19: -35.715841 | AK19: 0 | AL19: 0 | AM19: 204.9703 | AN19: -0.027992908 | AO19: 0 | AP19: #VALUE! | AQ19: -6.2206463e-06 | AR19: 0.0070917858 | AS19: #VALUE! | AT19: 0 | AU19: #VALUE! | AV19: 0.052875494 | AW19: -0.21772262 | AX19: -0.054863457 | AY19: 0.0092065566 | AZ19: 0 | BA19: 0 | BB19: 0 | BC19: 0 | BD19: -2.6386522 | BE19: 0 | BF19: -6.374189 | BG19: -216.61409 | BH19: 19.458182 | BI19: -3.1225023e-17 | BJ19: 0.031103232 | BK19: 9.3309695e-05 | BL19: -9.3309695e-06 | BM19: 0 | BN19: -29.143728 | BO19: 0.031103232 | BP19: -24.664863 | BQ19: 0.14929551 | BR19: -0.69012773 | BS19: #VALUE! | BT19: 0 | BU19: 9.3309695e-05 | BV19: -0.065316786 | BW19: 0.14123138 | BX19: -0.0069999396 | BY19: 0 | BZ19: 0 | CA19: #VALUE! | CB19: 0 | CC19: 0 | CD19: 0 | CE19: 0 | CF19: 11.665899 | CG19: 0.4177164 | CH19: -1.337917 | CI19: 0.015551616 | CJ19: 0.42099637 | CK19: #VALUE! | CL19: 0 | CM19: 2.1772262e-07 | CN19: 1.2352426 | CO19: -0.021772262 | CP19: 0 | CQ19: #VALUE! | CR19: 0 | CS19: -0.0031103232 | CT19: -0.031103232 | CU19: 0 | CV19: 0 | CW19: 0 | CX19: #VALUE! | CY19: -0.062206463 | CZ19: 0 | DA19: 0 | DB19: -1.8279842 | DC19: 0 | DD19: 0 | DE19: 0.88322603 | DF19: #VALUE! | DG19: 0.083830581 | DH19: -1.555147 | DI19: #VALUE! | DJ19: 0 | DK19: -0.00034213555 | DL19: 0 | DM19: -134.36596 | DN19: 0 | DO19: 0.46028211 | DP19: #VALUE! | DQ19: 0 | DR19: -0.56699511 | DS19: -36.826226 | DT19: -9.0199372 | DU19: 0.24882585 | DV19: 0 | DW19: 0 | DX19: 0.4616481 | DY19: 38.336288 | DZ19: 0.093309695 | EA19: -89.546173 | EB19: 0 | EC19: 1.3996454 | ED19: -32.813909 | EE19: 0 | EF19: 0 | EG19: 0 | EH19: #VALUE! | EI19: #VALUE! | EJ19: #VALUE! | EK19: -5.0076203 | EL19: 7.5435819 | EM19: #VALUE! | EN19: -0.71537433 | EO19: #VALUE! | EP19: -0.12441293 | EQ19: -3.0008399 | ER19: 0 | ES19: -6.9752398 | ET19: -0.00099999137 | EU19: -1029.1911 | EV19: 0 | EW19: 1.5551616 | EX19: 0.41740537 | EY19: -2.3327424 | EZ19: 8.2734596 | FA19: #VALUE! | FB19: #VALUE! | FC19: 0.037417188 | FD19: 0.0081743336 | FE19: -0.33499711 | FF19: #VALUE! | FG19: 6.1988741 | FH19: -12.347983 | FI19: -275.35619 | FJ19: -2.5547925 | FK19: -56.191204 | FL19: #VALUE! | FM19: 45.72175 | FN19: 0 | FO19: #VALUE! | FP19: 0 | FQ19: 0 | FR19: -13.27797 | FS19: 4.6154085 | FT19: -1524.98 | FU19: -1541.4737
A20: Q2 2004 | B20: #VALUE! | C20: -1.5793599 | D20: 0 | E20: 32.264361 | F20: -1.3592112 | G20: 0 | H20: 0.062206463 | I20: -89.981649 | J20: 0 | K20: 0 | L20: 0 | M20: 0.20823614 | N20: 1.8661939e-05 | O20: 15.126234 | P20: 0 | Q20: #VALUE! | R20: -0.34213555 | S20: #VALUE! | T20: #VALUE! | U20: #VALUE! | V20: -0.88450379 | W20: 0 | X20: -82.157521 | Y20: 0 | Z20: -0.067406457 | AA20: #VALUE! | AB20: -0.50576965 | AC20: 0 | AD20: 0 | AE20: 0 | AF20: -42.798047 | AG20: #VALUE! | AH20: 0 | AI20: 6.2206463e-06 | AJ20: -35.715841 | AK20: 0 | AL20: 0 | AM20: 204.9703 | AN20: -0.031103232 | AO20: 0 | AP20: #VALUE! | AQ20: -6.2206463e-06 | AR20: 0.00331777 | AS20: #VALUE! | AT20: 0 | AU20: #VALUE! | AV20: 0.049765171 | AW20: -0.24882585 | AX20: -0.054990514 | AY20: 0.0092065566 | AZ20: 0 | BA20: 0 | BB20: 0 | BC20: 0 | BD20: -2.6386522 | BE20: 0 | BF20: -6.374189 | BG20: -254.40451 | BH20: 19.458182 | BI20: -3.1225023e-17 | BJ20: 0 | BK20: 9.3309695e-05 | BL20: -9.3309695e-06 | BM20: 0 | BN20: -31.943019 | BO20: 0.031103232 | BP20: -24.664863 | BQ20: 0.15862648 | BR20: -0.58463283 | BS20: #VALUE! | BT20: 0 | BU20: 9.3309695e-05 | BV20: -0.065316786 | BW20: 0.14447078 | BX20: -0.0089999223 | BY20: 0 | BZ20: 0 | CA20: #VALUE! | CB20: 0 | CC20: 0 | CD20: 0 | CE20: 0 | CF20: 11.665899 | CG20: 0.4177164 | CH20: -0.64670977 | CI20: 0.015551616 | CJ20: 0.42099637 | CK20: #VALUE! | CL20: 0 | CM20: 2.1772262e-07 | CN20: 1.2352426 | CO20: -0.021772262 | CP20: 0 | CQ20: #VALUE! | CR20: 0 | CS20: -0.0062206463 | CT20: -0.031103232 | CU20: 0 | CV20: 0 | CW20: 0 | CX20: #VALUE! | CY20: -0.062206463 | CZ20: #VALUE! | DA20: 0 | DB20: -1.5939862 | DC20: 0 | DD20: 0 | DE20: 2.7754014 | DF20: #VALUE! | DG20: 0.083830581 | DH20: 2.5053939 | DI20: #VALUE! | DJ20: 0 | DK20: -0.00031103232 | DL20: 0 | DM20: -134.36596 | DN20: 0 | DO20: 0.46654847 | DP20: #VALUE! | DQ20: 0 | DR20: -0.56699511 | DS20: -36.826226 | DT20: -9.0199372 | DU20: 0.32036329 | DV20: 0 | DW20: 0 | DX20: 0.4616481 | DY20: 46.608224 | DZ20: 0.093309695 | EA20: -124.44403 | EB20: 0 | EC20: 1.3996454 | ED20: -32.502877 | EE20: 0 | EF20: 0 | EG20: 0 | EH20: #VALUE! | EI20: #VALUE! | EJ20: #VALUE! | EK20: -5.0076203 | EL20: 7.5431416 | EM20: #VALUE! | EN20: -0.5909614 | EO20: #VALUE! | EP20: -0.12441293 | EQ20: -3.0008399 | ER20: 0 | ES20: -6.9752398 | ET20: -0.00099999137 | EU20: -1097.8905 | EV20: 0 | EW20: -0.31103232 | EX20: 0.47743461 | EY20: -2.3327424 | EZ20: 11.383783 | FA20: #VALUE! | FB20: #VALUE! | FC20: 0.037417188 | FD20: 0.0081610836 | FE20: -0.33499711 | FF20: #VALUE! | FG20: 6.5099064 | FH20: -12.347983 | FI20: -275.77547 | FJ20: -2.817811 | FK20: -56.191438 | FL20: #VALUE! | FM20: 45.72175 | FN20: 0 | FO20: #VALUE! | FP20: 0 | FQ20: 0 | FR20: 22.2357 | FS20: 4.6154085 | FT20: -1545.7564 | FU20: -1561.8925
A21: Q3 2004 | B21: #VALUE! | C21: -1.5793157 | D21: 0 | E21: 44.695251 | F21: -1.3592112 | G21: 0 | H21: 0.062206463 | I21: -89.981649 | J21: 0 | K21: 0 | L21: 0 | M21: 0.20823614 | N21: 1.8661939e-05 | O21: 13.198026 | P21: 0 | Q21: #VALUE! | R21: -0.34213555 | S21: #VALUE! | T21: #VALUE! | U21: #VALUE! | V21: -0.88450379 | W21: 0 | X21: -82.167105 | Y21: 0 | Z21: -0.073627103 | AA21: #VALUE! | AB21: -0.50576965 | AC21: 0 | AD21: 0 | AE21: 0 | AF21: -42.798047 | AG21: #VALUE! | AH21: 0 | AI21: 6.2206463e-06 | AJ21: -35.715841 | AK21: -0.0062828528 | AL21: 0 | AM21: 204.9703 | AN21: -0.031103232 | AO21: 0 | AP21: #VALUE! | AQ21: -6.2206463e-06 | AR21: 0.0035860473 | AS21: #VALUE! | AT21: 0 | AU21: #VALUE! | AV21: 0.049765171 | AW21: -0.27992908 | AX21: -0.054990514 | AY21: 0.0092065566 | AZ21: 0 | BA21: 0 | BB21: 0 | BC21: 0 | BD21: -2.6386522 | BE21: 0 | BF21: -6.374189 | BG21: -258.26132 | BH21: 19.458182 | BI21: -3.1225023e-17 | BJ21: 0.031103232 | BK21: -0.62212684 | BL21: -9.3309695e-06 | BM21: 0 | BN21: -35.364374 | BO21: 0.031103232 | BP21: -24.44714 | BQ21: 0.15862648 | BR21: -0.83442039 | BS21: #VALUE! | BT21: -1.4618519e-05 | BU21: 9.3309695e-05 | BV21: -0.065316786 | BW21: 0.14774595 | BX21: -0.010999905 | BY21: 0 | BZ21: 0 | CA21: #VALUE! | CB21: 0 | CC21: 0 | CD21: 0 | CE21: 0 | CF21: 11.665899 | CG21: 0.4177164 | CH21: 0.22559579 | CI21: 0.015551616 | CJ21: 0.49599572 | CK21: #VALUE! | CL21: 0 | CM21: -3.0885509e-05 | CN21: 1.2352426 | CO21: -0.021772262 | CP21: 0 | CQ21: #VALUE! | CR21: 0 | CS21: -0.015551616 | CT21: -0.062206463 | CU21: 0 | CV21: 0 | CW21: 0 | CX21: #VALUE! | CY21: -0.062206463 | CZ21: #VALUE! | DA21: 0 | DB21: -1.7669848 | DC21: 0 | DD21: 0 | DE21: 4.080274 | DF21: #VALUE! | DG21: 0.083039781 | DH21: 0.93243445 | DI21: #VALUE! | DJ21: 0 | DK21: -0.00031103232 | DL21: 0 | DM21: -134.36596 | DN21: 0 | DO21: 0 | DP21: #VALUE! | DQ21: 0 | DR21: 2.7969759 | DS21: -36.826226 | DT21: -9.0199372 | DU21: 0.32036329 | DV21: 0 | DW21: -1.0864981 | DX21: 0.4616481 | DY21: 49.648533 | DZ21: 0.093309695 | EA21: -124.47513 | EB21: 0 | EC21: 1.3996454 | ED21: -33.435974 | EE21: 0 | EF21: 0 | EG21: 0 | EH21: #VALUE! | EI21: #VALUE! | EJ21: #VALUE! | EK21: -5.0076203 | EL21: 7.5431416 | EM21: #VALUE! | EN21: -0.5909614 | EO21: #VALUE! | EP21: -0.12441293 | EQ21: -3.0008399 | ER21: 0 | ES21: -6.9772398 | ET21: -0.00099999137 | EU21: -1171.0899 | EV21: 0 | EW21: -0.31103232 | EX21: 0.90479301 | EY21: -2.3327424 | EZ21: 11.383783 | FA21: #VALUE! | FB21: #VALUE! | FC21: 0.038754627 | FD21: 0.0081610836 | FE21: -0.33499711 | FF21: #VALUE! | FG21: 2.4830869 | FH21: -12.347983 | FI21: -275.77547 | FJ21: -3.7896921 | FK21: -56.191928 | FL21: #VALUE! | FM21: 46.343815 | FN21: 0 | FO21: #VALUE! | FP21: 0 | FQ21: 0 | FR21: 3.6110852 | FS21: 4.6154085 | FT21: -1627.562 | FU21: -1643.698
A22: Q4 2004 | B22: #VALUE! | C22: -1.5792731 | D22: 0 | E22: 44.694566 | F22: -1.3592112 | G22: 0 | H22: 0.062206463 | I22: -99.99689 | J22: 0 | K22: 0 | L22: 0 | M22: 0.20823614 | N22: 1.8661939e-05 | O22: 9.1710472 | P22: 0 | Q22: #VALUE! | R22: -0.34213555 | S22: #VALUE! | T22: #VALUE! | U22: #VALUE! | V22: -0.88450379 | W22: 0 | X22: -82.164738 | Y22: 0 | Z22: -0.082958073 | AA22: #VALUE! | AB22: -0.50576965 | AC22: 0 | AD22: 0 | AE22: 0 | AF22: -42.798047 | AG22: #VALUE! | AH22: 0 | AI22: 6.2206463e-06 | AJ22: -35.715841 | AK22: -0.0062828528 | AL22: 0 | AM22: 204.9703 | AN22: -0.031103232 | AO22: 0 | AP22: #VALUE! | AQ22: -6.2206463e-06 | AR22: 0.00025848637 | AS22: #VALUE! | AT22: 0 | AU22: #VALUE! | AV22: 0.049765171 | AW22: -0.24882585 | AX22: -0.054998538 | AY22: 0.0092065566 | AZ22: 0 | BA22: 0 | BB22: -1.5582719 | BC22: 0 | BD22: -2.6386522 | BE22: 0 | BF22: -6.374189 | BG22: -326.75063 | BH22: 19.458182 | BI22: -3.1225023e-17 | BJ22: 0.093309695 | BK22: -39.345495 | BL22: -9.3309695e-06 | BM22: 0 | BN22: -35.364374 | BO22: 0.031103232 | BP22: -24.322727 | BQ22: 0.11819228 | BR22: -0.81813194 | BS22: #VALUE! | BT22: -1.4618519e-05 | BU22: 9.3309695e-05 | BV22: -0.065316786 | BW22: 0.1510212 | BX22: -0.011999896 | BY22: 0 | BZ22: 0 | CA22: #VALUE! | CB22: 0 | CC22: 0 | CD22: 0 | CE22: 0 | CF22: 11.665899 | CG22: 0.41715654 | CH22: 1.025621 | CI22: 0.015551616 | CJ22: 0.49599572 | CK22: #VALUE! | CL22: 0 | CM22: 2.1772262e-07 | CN22: 1.2352426 | CO22: -0.021772262 | CP22: 0 | CQ22: #VALUE! | CR22: 0 | CS22: -0.015551616 | CT22: -0.062206463 | CU22: 0 | CV22: 0 | CW22: 0 | CX22: #VALUE! | CY22: -0.062206463 | CZ22: 0 | DA22: 0 | DB22: -2.4649787 | DC22: 0 | DD22: 0 | DE22: 0.60902585 | DF22: #VALUE! | DG22: 0.083702124 | DH22: 0.31092968 | DI22: #VALUE! | DJ22: 0 | DK22: -0.00034213555 | DL22: 0 | DM22: -134.36596 | DN22: 0 | DO22: 0 | DP22: #VALUE! | DQ22: 0 | DR22: 2.7969759 | DS22: -36.826226 | DT22: -9.0199372 | DU22: 0.32036329 | DV22: 0 | DW22: -1.0864981 | DX22: 0.4616481 | DY22: 17.946565 | DZ22: 0.093309695 | EA22: -144.4123 | EB22: 0.70168891 | EC22: 1.3680869 | ED22: -35.644303 | EE22: 0 | EF22: 0 | EG22: 0 | EH22: #VALUE! | EI22: #VALUE! | EJ22: #VALUE! | EK22: -5.0076203 | EL22: 7.5431416 | EM22: #VALUE! | EN22: -0.49765171 | EO22: #VALUE! | EP22: -0.12441293 | EQ22: -2.9520705 | ER22: 0 | ES22: -6.9772398 | ET22: -0.00099999137 | EU22: -1235.8893 | EV22: 0 | EW22: 1.2441293 | EX22: 0.96482225 | EY22: -2.3327424 | EZ22: 11.383783 | FA22: #VALUE! | FB22: #VALUE! | FC22: 0.038754627 | FD22: 0.0081743336 | FE22: -0.33499711 | FF22: #VALUE! | FG22: 2.7775186 | FH22: -12.347983 | FI22: -276.02484 | FJ22: -2.6355177 | FK22: -56.193818 | FL22: #VALUE! | FM22: 46.343815 | FN22: 0 | FO22: #VALUE! | FP22: 0 | FQ22: 0 | FR22: -12.99182 | FS22: 4.6154085 | FT22: -1810.9928 | FU22: -1956.3784
A23: Q1 2005 | B23: #VALUE! | C23: -1.579229 | D23: 0 | E23: 44.414077 | F23: -1.3592112 | G23: 0 | H23: 0.062206463 | I23: -99.99689 | J23: 0 | K23: 0 | L23: 0 | M23: 0.20823614 | N23: 1.8661939e-05 | O23: -33.327874 | P23: 0 | Q23: #VALUE! | R23: -0.34213555 | S23: #VALUE! | T23: #VALUE! | U23: #VALUE! | V23: -0.88450379 | W23: 0 | X23: -82.162275 | Y23: 0 | Z23: -0.082958073 | AA23: #VALUE! | AB23: -0.50576965 | AC23: 0 | AD23: 0 | AE23: 0 | AF23: -42.798047 | AG23: #VALUE! | AH23: 0 | AI23: 6.2206463e-06 | AJ23: -35.746944 | AK23: 0 | AL23: 0 | AM23: 204.9703 | AN23: -0.031103232 | AO23: 0 | AP23: #VALUE! | AQ23: -6.2206463e-06 | AR23: 0.0019945378 | AS23: #VALUE! | AT23: 0 | AU23: #VALUE! | AV23: 0.049765171 | AW23: -0.27992908 | AX23: -0.054998538 | AY23: 0.0092065566 | AZ23: 0 | BA23: 0 | BB23: -3.579982 | BC23: 0 | BD23: -2.6386522 | BE23: 0 | BF23: -6.374189 | BG23: -408.83206 | BH23: 19.458182 | BI23: -3.1225023e-17 | BJ23: 0.093309695 | BK23: -66.467544 | BL23: -9.3309695e-06 | BM23: 0 | BN23: -35.364374 | BO23: 0.031103232 | BP23: -24.260521 | BQ23: 0.15862648 | BR23: -0.81813194 | BS23: #VALUE! | BT23: -1.4618519e-05 | BU23: 9.3309695e-05 | BV23: -0.065316786 | BW23: 0.15422506 | BX23: -0.011999896 | BY23: 0 | BZ23: 0 | CA23: #VALUE! | CB23: 0 | CC23: 0 | CD23: 0 | CE23: 0 | CF23: 11.665899 | CG23: 0.4177164 | CH23: 1.7269204 | CI23: 0.015551616 | CJ23: 0.57099507 | CK23: #VALUE! | CL23: 0 | CM23: 0 | CN23: 2.1239064 | CO23: -0.021772262 | CP23: 0 | CQ23: #VALUE! | CR23: 0 | CS23: -0.015551616 | CT23: -0.062206463 | CU23: 0 | CV23: 0 | CW23: 0 | CX23: #VALUE! | CY23: -0.062206463 | CZ23: 0 | DA23: 0 | DB23: -2.7669761 | DC23: 0 | DD23: 0 | DE23: 3.0915555 | DF23: #VALUE! | DG23: 0.083702124 | DH23: 0.32482371 | DI23: #VALUE! | DJ23: 0 | DK23: -0.73804858 | DL23: 0 | DM23: -189.38758 | DN23: 0 | DO23: 0 | DP23: #VALUE! | DQ23: 0 | DR23: 2.7969759 | DS23: -36.826226 | DT23: -9.0199372 | DU23: 0.32036329 | DV23: 0 | DW23: -1.0864981 | DX23: 0.46164732 | DY23: -7.1518771 | DZ23: 0.093309695 | EA23: -144.4123 | EB23: 0 | EC23: 1.3063357 | ED23: -35.924233 | EE23: #VALUE! | EF23: 0 | EG23: 0 | EH23: #VALUE! | EI23: #VALUE! | EJ23: #VALUE! | EK23: -5.0076203 | EL23: 7.5431416 | EM23: #VALUE! | EN23: -0.46654847 | EO23: #VALUE! | EP23: -0.12441293 | EQ23: -2.9520705 | ER23: 0 | ES23: -6.7782415 | ET23: -15.02087 | EU23: -1300.0888 | EV23: 0 | EW23: 1.2441293 | EX23: 1.3330845 | EY23: -2.3327424 | EZ23: 11.383783 | FA23: #VALUE! | FB23: #VALUE! | FC23: 0.03887904 | FD23: 0.0078811546 | FE23: -0.33499711 | FF23: #VALUE! | FG23: 2.7775186 | FH23: -12.347983 | FI23: -276.77621 | FJ23: -5.2927994 | FK23: -56.193944 | FL23: #VALUE! | FM23: 46.343815 | FN23: 0 | FO23: #VALUE! | FP23: 0 | FQ23: 0 | FR23: -12.99182 | FS23: 4.6154085 | FT23: -2042.933 | FU23: -2188.3185
A24: Q2 2005 | B24: #VALUE! | C24: -1.5791857 | D24: 0 | E24: 44.414077 | F24: -1.3592112 | G24: 0 | H24: 0.062206463 | I24: -99.99689 | J24: 0 | K24: 0 | L24: 0 | M24: 0.20823614 | N24: 1.8661939e-05 | O24: -13.701433 | P24: 0 | Q24: #VALUE! | R24: -0.40434201 | S24: #VALUE! | T24: #VALUE! | U24: #VALUE! | V24: -0.88450379 | W24: 0 | X24: -82.1604 | Y24: 0 | Z24: -0.092289042 | AA24: #VALUE! | AB24: -0.50576965 | AC24: 0 | AD24: 0 | AE24: 0 | AF24: -42.798047 | AG24: #VALUE! | AH24: 0 | AI24: 6.2206463e-06 | AJ24: -35.750054 | AK24: 0 | AL24: 0 | AM24: 204.9703 | AN24: -0.031103232 | AO24: 0 | AP24: #VALUE! | AQ24: -6.2206463e-06 | AR24: 0.0060477911 | AS24: #VALUE! | AT24: 0 | AU24: #VALUE! | AV24: 0.049765171 | AW24: -0.27992908 | AX24: -0.054998538 | AY24: 0.0092065566 | AZ24: 0 | BA24: 0 | BB24: -4.4508724 | BC24: 0 | BD24: -2.6386522 | BE24: 0 | BF24: -6.374189 | BG24: -565.47101 | BH24: -27.541881 | BI24: -3.1225023e-17 | BJ24: 0.093309695 | BK24: -126.03026 | BL24: -9.3309695e-06 | BM24: 0 | BN24: -40.340891 | BO24: 0.031103232 | BP24: -24.229417 | BQ24: 0.1617368 | BR24: -0.83324811 | BS24: #VALUE! | BT24: -1.4618519e-05 | BU24: 9.3309695e-05 | BV24: -0.065316786 | BW24: 0.15720693 | BX24: -0.011999896 | BY24: 0 | BZ24: 0 | CA24: #VALUE! | CB24: 0 | CC24: 0 | CD24: 0 | CE24: 0 | CF24: 11.665899 | CG24: 0.4177164 | CH24: 2.406943 | CI24: 0.015551616 | CJ24: 0.57099507 | CK24: #VALUE! | CL24: 0 | CM24: 0 | CN24: 2.1239064 | CO24: -0.018661939 | CP24: 0 | CQ24: #VALUE! | CR24: 0 | CS24: -0.015551616 | CT24: -0.062206463 | CU24: 0 | CV24: 0 | CW24: 0 | CX24: #VALUE! | CY24: -0.062206463 | CZ24: 0 | DA24: 0 | DB24: -3.1189731 | DC24: 0 | DD24: 0 | DE24: 3.9671475 | DF24: #VALUE! | DG24: 0.083702124 | DH24: -0.29656381 | DI24: #VALUE! | DJ24: 0 | DK24: -0.73804858 | DL24: 0 | DM24: -189.38758 | DN24: 0 | DO24: 0 | DP24: #VALUE! | DQ24: 0 | DR24: 2.7969759 | DS24: -36.826226 | DT24: -9.0199372 | DU24: 0.32036329 | DV24: 0 | DW24: -1.0864981 | DX24: 0.46164732 | DY24: -18.646076 | DZ24: 0.093309695 | EA24: -169.48151 | EB24: -0.00093309695 | EC24: 1.2752325 | ED24: -28.366147 | EE24: #VALUE! | EF24: 0 | EG24: 0 | EH24: #VALUE! | EI24: #VALUE! | EJ24: #VALUE! | EK24: -5.0076203 | EL24: 7.5431416 | EM24: #VALUE! | EN24: -0.46654847 | EO24: #VALUE! | EP24: -20.12376 | EQ24: -2.9520705 | ER24: 0 | ES24: -6.7462418 | ET24: -15.02087 | EU24: -1300.0888 | EV24: 0 | EW24: 1.2441293 | EX24: 1.3934248 | EY24: -2.3327424 | EZ24: 11.383783 | FA24: #VALUE! | FB24: #VALUE! | FC24: 0.038754627 | FD24: 0.0081610836 | FE24: -0.33499711 | FF24: #VALUE! | FG24: 3.0885509 | FH24: -12.347983 | FI24: -276.85517 | FJ24: -5.3301704 | FK24: -56.19452 | FL24: #VALUE! | FM24: 46.343815 | FN24: 0 | FO24: #VALUE! | FP24: 0 | FQ24: 0 | FR24: -13.778732 | FS24: 4.6154085 | FT24: -2187.7253 | FU24: -2333.1108
A25: Q3 2005 | B25: #VALUE! | C25: -1.5791416 | D25: 0 | E25: 44.414077 | F25: -1.3592112 | G25: 0 | H25: 0.062206463 | I25: -105.00451 | J25: 0 | K25: 0 | L25: 0 | M25: 0.20823614 | N25: 1.8661939e-05 | O25: -8.9363935 | P25: 0 | Q25: #VALUE! | R25: -30.418961 | S25: #VALUE! | T25: #VALUE! | U25: #VALUE! | V25: -0.88450379 | W25: 0 | X25: -82.167581 | Y25: 0 | Z25: -0.092289042 | AA25: #VALUE! | AB25: -0.50576965 | AC25: 0 | AD25: 0 | AE25: 0 | AF25: -42.798047 | AG25: #VALUE! | AH25: 0 | AI25: 6.2206463e-06 | AJ25: -35.743834 | AK25: 0 | AL25: 0 | AM25: 204.9703 | AN25: -0.037323878 | AO25: 0 | AP25: #VALUE! | AQ25: -6.2206463e-06 | AR25: 0.0071629245 | AS25: #VALUE! | AT25: 0 | AU25: #VALUE! | AV25: 0.049765171 | AW25: -0.31103232 | AX25: -0.054998538 | AY25: 0.0092065566 | AZ25: 0 | BA25: 0 | BB25: -4.4508724 | BC25: 0 | BD25: -2.6386522 | BE25: 0 | BF25: -6.374189 | BG25: -629.69918 | BH25: -27.541881 | BI25: -3.1225023e-17 | BJ25: 0.093309695 | BK25: -135.17458 | BL25: -9.3309695e-06 | BM25: 0 | BN25: -40.80744 | BO25: 0.031103232 | BP25: -24.105005 | BQ25: 0.26748779 | BR25: -0.83324811 | BS25: #VALUE! | BT25: -1.4618519e-05 | BU25: 9.3309695e-05 | BV25: -0.065316786 | BW25: 0.1600311 | BX25: -0.011999896 | BY25: -0.031103232 | BZ25: 0 | CA25: #VALUE! | CB25: 0 | CC25: 0 | CD25: 0 | CE25: 0 | CF25: 11.665899 | CG25: 0.4177164 | CH25: 3.1862145 | CI25: 0.015551616 | CJ25: 0.60799475 | CK25: #VALUE! | CL25: 0 | CM25: 0 | CN25: 2.1239064 | CO25: -0.018661939 | CP25: 0 | CQ25: #VALUE! | CR25: 0 | CS25: -0.015551616 | CT25: -0.062206463 | CU25: 0 | CV25: 0 | CW25: 0 | CX25: #VALUE! | CY25: -0.062206463 | CZ25: 0 | DA25: 0 | DB25: -3.47697 | DC25: 0 | DD25: 0 | DE25: 4.5845106 | DF25: #VALUE! | DG25: 0.083702124 | DH25: 1.5696301 | DI25: #VALUE! | DJ25: 0 | DK25: -0.73804858 | DL25: 0 | DM25: -189.38758 | DN25: 0 | DO25: 0 | DP25: #VALUE! | DQ25: 0 | DR25: 2.7969759 | DS25: -36.826226 | DT25: -9.0199372 | DU25: 0.32036329 | DV25: 0 | DW25: -1.0864981 | DX25: 0.46164732 | DY25: -32.867718 | DZ25: 0.093309695 | EA25: -179.24792 | EB25: -0.00093309695 | EC25: 1.2192467 | ED25: -35.924233 | EE25: #VALUE! | EF25: 0 | EG25: 0 | EH25: #VALUE! | EI25: #VALUE! | EJ25: #VALUE! | EK25: -5.0076203 | EL25: 7.5431416 | EM25: #VALUE! | EN25: -0.43544524 | EO25: #VALUE! | EP25: -30.076825 | EQ25: -2.9520705 | ER25: 0 | ES25: -6.6772424 | ET25: -15.02087 | EU25: -1300.0888 | EV25: 0 | EW25: 1.2441293 | EX25: 1.1554851 | EY25: -2.3327424 | EZ25: 11.383783 | FA25: #VALUE! | FB25: #VALUE! | FC25: 0.039718827 | FD25: 0.0081610836 | FE25: -0.33499711 | FF25: #VALUE! | FG25: 10.864359 | FH25: -12.347983 | FI25: -277.04823 | FJ25: -5.3543803 | FK25: -56.194609 | FL25: #VALUE! | FM25: 46.032783 | FN25: 0 | FO25: #VALUE! | FP25: 0 | FQ25: 0 | FR25: -13.778732 | FS25: 4.6154085 | FT25: -2250.4108 | FU25: -2395.7963
A26: Q4 2005 | B26: #VALUE! | C26: -1.5790986 | D26: 0 | E26: 44.384312 | F26: -1.3592112 | G26: 0 | H26: 0.093309695 | I26: -105.00451 | J26: 0 | K26: 0 | L26: 0 | M26: 0.20823614 | N26: 1.8661939e-05 | O26: -13.20681 | P26: 0 | Q26: #VALUE! | R26: -30.418961 | S26: #VALUE! | T26: #VALUE! | U26: #VALUE! | V26: -0.88450379 | W26: 0 | X26: -82.165466 | Y26: 0 | Z26: -0.10473033 | AA26: #VALUE! | AB26: -0.50576965 | AC26: 0 | AD26: 0 | AE26: 0 | AF26: -42.798047 | AG26: #VALUE! | AH26: 0 | AI26: 6.2206463e-06 | AJ26: -35.718951 | AK26: 0 | AL26: 0 | AM26: 204.9703 | AN26: -0.037323878 | AO26: 0 | AP26: #VALUE! | AQ26: -6.2206463e-06 | AR26: 0.0052265051 | AS26: #VALUE! | AT26: 0 | AU26: #VALUE! | AV26: 0.049765171 | AW26: -0.34213555 | AX26: -0.054990514 | AY26: 0.0092065566 | AZ26: 0 | BA26: 0 | BB26: -6.6903051 | BC26: 0 | BD26: -2.6386522 | BE26: 0 | BF26: -6.374189 | BG26: -766.46009 | BH26: -27.541881 | BI26: -3.1225023e-17 | BJ26: 0.093309695 | BK26: -198.84305 | BL26: -9.3309695e-06 | BM26: 0 | BN26: -40.80744 | BO26: 0.031103232 | BP26: -24.073901 | BQ26: 0.1617368 | BR26: -0.83324811 | BS26: #VALUE! | BT26: 0 | BU26: 9.3309695e-05 | BV26: -0.065316786 | BW26: 0.16046157 | BX26: -0.011999896 | BY26: -0.031103232 | BZ26: 0 | CA26: #VALUE! | CB26: 0 | CC26: 0 | CD26: 0 | CE26: 0 | CF26: 11.665899 | CG26: 0.41715654 | CH26: 3.7147752 | CI26: 0.015551616 | CJ26: 0.60799475 | CK26: #VALUE! | CL26: 0 | CM26: 0 | CN26: 2.1239064 | CO26: -0.018661939 | CP26: 0 | CQ26: #VALUE! | CR26: 0 | CS26: -0.015551616 | CT26: -0.062206463 | CU26: 0 | CV26: 0 | CW26: 0 | CX26: #VALUE! | CY26: -0.062206463 | CZ26: 0 | DA26: 0 | DB26: -3.4279704 | DC26: 0 | DD26: 0 | DE26: -0.39200647 | DF26: #VALUE! | DG26: 0.083702124 | DH26: 1.2585978 | DI26: #VALUE! | DJ26: 0 | DK26: -0.73804858 | DL26: 0 | DM26: -216.88283 | DN26: 0 | DO26: 0 | DP26: #VALUE! | DQ26: 0 | DR26: 3.4459703 | DS26: -36.826226 | DT26: -9.0199372 | DU26: 0.32036329 | DV26: 0 | DW26: -1.0864981 | DX26: 0.46164732 | DY26: -48.960841 | DZ26: 0.093309695 | EA26: -189.23206 | EB26: -0.00093309695 | EC26: 1.1694815 | ED26: -35.737613 | EE26: #VALUE! | EF26: 0 | EG26: 0 | EH26: #VALUE! | EI26: #VALUE! | EJ26: #VALUE! | EK26: -5.0076203 | EL26: 5.0441003 | EM26: #VALUE! | EN26: -0.40434201 | EO26: #VALUE! | EP26: -65.721128 | EQ26: -2.9520705 | ER26: 0 | ES26: -6.6392427 | ET26: -17.020853 | EU26: -1300.0888 | EV26: 0 | EW26: 1.2441293 | EX26: 1.1859662 | EY26: -2.3327424 | EZ26: 11.383783 | FA26: #VALUE! | FB26: #VALUE! | FC26: 0.039718827 | FD26: 0.0081610836 | FE26: -0.33499711 | FF26: #VALUE! | FG26: 10.864359 | FH26: -12.347983 | FI26: -277.46789 | FJ26: -3.7482585 | FK26: -56.190305 | FL26: #VALUE! | FM26: 45.72175 | FN26: 0 | FO26: #VALUE! | FP26: 0 | FQ26: 0 | FR26: -13.778732 | FS26: 4.6154085 | FT26: -2414.2313 | FU26: -2559.6169
A27: Q1 2006 | B27: #VALUE! | C27: -1.5790542 | D27: 0 | E27: 44.384312 | F27: -1.3592112 | G27: 0 | H27: 0.093309695 | I27: -110.47868 | J27: 0 | K27: 0 | L27: 0 | M27: 0.20823614 | N27: 1.8661939e-05 | O27: -36.584388 | P27: 0 | Q27: #VALUE! | R27: -30.418961 | S27: #VALUE! | T27: #VALUE! | U27: #VALUE! | V27: -0.88450379 | W27: 0 | X27: -82.164936 | Y27: 0 | Z27: -0.11717163 | AA27: #VALUE! | AB27: -0.50576965 | AC27: 0 | AD27: 0 | AE27: 0 | AF27: -42.798047 | AG27: #VALUE! | AH27: 0 | AI27: 6.2206463e-06 | AJ27: -35.718951 | AK27: 0 | AL27: 0 | AM27: 204.9703 | AN27: -0.034213555 | AO27: 0 | AP27: #VALUE! | AQ27: -6.2206463e-06 | AR27: 0.0046664293 | AS27: #VALUE! | AT27: 0 | AU27: #VALUE! | AV27: 0.049765171 | AW27: -0.34213555 | AX27: -0.054990514 | AY27: 0.0092065566 | AZ27: -0.02230139 | BA27: 0 | BB27: -6.6903051 | BC27: 0 | BD27: -2.6386522 | BE27: 0 | BF27: -6.374189 | BG27: -833.82969 | BH27: -27.541881 | BI27: -3.1225023e-17 | BJ27: 0.093309695 | BK27: -222.51243 | BL27: -9.3309695e-06 | BM27: 0 | BN27: -40.80744 | BO27: 0.031103232 | BP27: -24.042798 | BQ27: 0.1617368 | BR27: -0.83324811 | BS27: #VALUE! | BT27: 0 | BU27: 9.3309695e-05 | BV27: -0.065316786 | BW27: 0.16282915 | BX27: -0.011999896 | BY27: -0.031103232 | BZ27: 0 | CA27: #VALUE! | CB27: 0 | CC27: 0 | CD27: 0 | CE27: 0 | CF27: 11.665899 | CG27: 0.41715654 | CH27: 6.8545935 | CI27: 0.015551616 | CJ27: 0.62499461 | CK27: #VALUE! | CL27: 0 | CM27: 0 | CN27: 2.1239064 | CO27: -0.024882585 | CP27: 0 | CQ27: #VALUE! | CR27: 0 | CS27: -0.015551616 | CT27: -0.062206463 | CU27: 0 | CV27: 0 | CW27: 0 | CX27: #VALUE! | CY27: 0.031103232 | CZ27: 0 | DA27: 0 | DB27: -2.8609753 | DC27: 0 | DD27: 0 | DE27: 1.5986004 | DF27: #VALUE! | DG27: 0.083702124 | DH27: 0.63653314 | DI27: #VALUE! | DJ27: 0 | DK27: -0.73804858 | DL27: 0 | DM27: -255.10871 | DN27: 0 | DO27: 0 | DP27: #VALUE! | DQ27: 0 | DR27: 3.4459703 | DS27: -36.826226 | DT27: -9.0199372 | DU27: 0.32036329 | DV27: 0 | DW27: -1.0864981 | DX27: 0.46164732 | DY27: -54.035022 | DZ27: 0.093309695 | EA27: -189.26316 | EB27: -0.00093309695 | EC27: 1.1197163 | ED27: -36.079749 | EE27: #VALUE! | EF27: 0 | EG27: 0 | EH27: #VALUE! | EI27: #VALUE! | EJ27: #VALUE! | EK27: -5.0076203 | EL27: 5.0441003 | EM27: #VALUE! | EN27: -0.37323878 | EO27: #VALUE! | EP27: -65.721128 | EQ27: -2.9520705 | ER27: 0 | ES27: -6.706234 | ET27: -20.220826 | EU27: -1300.0888 | EV27: 0 | EW27: 1.2441293 | EX27: 1.2008958 | EY27: -2.3327424 | EZ27: 11.383783 | FA27: #VALUE! | FB27: #VALUE! | FC27: 0.039718827 | FD27: 0.0081610836 | FE27: -0.33499711 | FF27: #VALUE! | FG27: 10.864359 | FH27: -12.347983 | FI27: -278.00648 | FJ27: -3.8377609 | FK27: -56.190378 | FL27: #VALUE! | FM27: 45.72175 | FN27: 0 | FO27: #VALUE! | FP27: 0 | FQ27: 0 | FR27: -13.778732 | FS27: 4.6465118 | FT27: -2509.1122 | FU27: -2654.4977
A28: Q2 2006 | B28: #VALUE! | C28: -1.5790246 | D28: 0 | E28: 44.384312 | F28: -1.3592112 | G28: 0 | H28: 0.093309695 | I28: -114.70872 | J28: 0 | K28: 0 | L28: 0 | M28: 0.20823614 | N28: 1.8661939e-05 | O28: -33.227564 | P28: 0 | Q28: #VALUE! | R28: -30.418961 | S28: #VALUE! | T28: #VALUE! | U28: #VALUE! | V28: -0.88450379 | W28: 0 | X28: -82.16348 | Y28: 0 | Z28: -0.1265026 | AA28: #VALUE! | AB28: -0.50576965 | AC28: 0 | AD28: 0 | AE28: 0 | AF28: -42.798047 | AG28: #VALUE! | AH28: 0 | AI28: 6.2206463e-06 | AJ28: -35.718951 | AK28: 0 | AL28: 0 | AM28: 204.9703 | AN28: -3.2903181 | AO28: 0 | AP28: #VALUE! | AQ28: -6.2206463e-06 | AR28: -0.0010863195 | AS28: #VALUE! | AT28: 0 | AU28: #VALUE! | AV28: 0.049765171 | AW28: -0.36390781 | AX28: -0.054990514 | AY28: 0.0092065566 | AZ28: -0.02230139 | BA28: -0.0068738142 | BB28: -7.343473 | BC28: 0 | BD28: -2.6386522 | BE28: 0 | BF28: -6.374189 | BG28: -927.15495 | BH28: -84.538584 | BI28: -3.1225023e-17 | BJ28: 0.093309695 | BK28: -248.57709 | BL28: -9.3309695e-06 | BM28: 0 | BN28: -45.099686 | BO28: 0.031103232 | BP28: -23.980592 | BQ28: 0.16484713 | BR28: -0.83324811 | BS28: #VALUE! | BT28: 0 | BU28: 9.3309695e-05 | BV28: -0.065316786 | BW28: 0.1646095 | BX28: -0.011999896 | BY28: -0.031103232 | BZ28: 0 | CA28: #VALUE! | CB28: 0 | CC28: 0 | CD28: 0 | CE28: 0 | CF28: 11.665899 | CG28: 0.36294361 | CH28: 3.7638813 | CI28: 0.015551616 | CJ28: 0.64199446 | CK28: #VALUE! | CL28: 0 | CM28: 0 | CN28: 2.1239064 | CO28: -0.018661939 | CP28: 0 | CQ28: #VALUE! | CR28: 0 | CS28: -0.015551616 | CT28: -0.062206463 | CU28: 0 | CV28: 0 | CW28: 0 | CX28: #VALUE! | CY28: -0.074647756 | CZ28: 0 | DA28: 0 | DB28: -3.1889725 | DC28: 0 | DD28: 0 | DE28: 9.542948 | DF28: #VALUE! | DG28: 0.083702124 | DH28: 0.014468508 | DI28: #VALUE! | DJ28: 0 | DK28: -0.73792619 | DL28: 0 | DM28: -256.88159 | DN28: 0 | DO28: 0 | DP28: #VALUE! | DQ28: 0 | DR28: 3.4459703 | DS28: -36.826226 | DT28: -9.0199372 | DU28: 0.32036329 | DV28: 0 | DW28: -1.0864981 | DX28: 0.46164732 | DY28: -57.17676 | DZ28: 0.093309695 | EA28: -189.29427 | EB28: -0.00093309695 | EC28: 1.0886131 | ED28: -36.079749 | EE28: #VALUE! | EF28: 0 | EG28: 0 | EH28: #VALUE! | EI28: #VALUE! | EJ28: #VALUE! | EK28: -5.0076203 | EL28: 5.0441003 | EM28: #VALUE! | EN28: -0.34213555 | EO28: #VALUE! | EP28: -65.721128 | EQ28: -2.9520705 | ER28: 0 | ES28: -6.6251887 | ET28: -22.120809 | EU28: -1300.0888 | EV28: 0 | EW28: 1.2441293 | EX28: 1.2310659 | EY28: -2.3327424 | EZ28: 11.383783 | FA28: #VALUE! | FB28: #VALUE! | FC28: 0.040620821 | FD28: 0.0081610836 | FE28: -0.33499711 | FF28: #VALUE! | FG28: 11.486423 | FH28: -12.347983 | FI28: -278.00934 | FJ28: -5.3543803 | FK28: -56.190414 | FL28: #VALUE! | FM28: 45.72175 | FN28: 0 | FO28: #VALUE! | FP28: 0 | FQ28: 0 | FR28: -13.778732 | FS28: 4.6465118 | FT28: -2608.1978 | FU28: -2753.5834
A29: Q3 2006 | B29: #VALUE! | C29: -1.5789798 | D29: 0 | E29: 44.384312 | F29: -1.3592112 | G29: 0 | H29: 0.093309695 | I29: -118.75214 | J29: 0 | K29: 0 | L29: 0 | M29: 0.20823614 | N29: 1.8661939e-05 | O29: -30.254945 | P29: 0 | Q29: #VALUE! | R29: -30.418961 | S29: #VALUE! | T29: #VALUE! | U29: #VALUE! | V29: -0.88450379 | W29: 0 | X29: -82.162581 | Y29: 0 | Z29: -0.13272324 | AA29: #VALUE! | AB29: -0.50576965 | AC29: 0 | AD29: 0 | AE29: 0 | AF29: -42.798047 | AG29: #VALUE! | AH29: 0 | AI29: 6.2206463e-06 | AJ29: -35.718951 | AK29: 0 | AL29: 0 | AM29: 204.9703 | AN29: -3.2907219 | AO29: 0 | AP29: #VALUE! | AQ29: -6.2206463e-06 | AR29: 0.00063066085 | AS29: #VALUE! | AT29: 0 | AU29: #VALUE! | AV29: 0.049765171 | AW29: -0.40623931 | AX29: -0.054990514 | AY29: 0.0092065566 | AZ29: -0.02230139 | BA29: -0.04282915 | BB29: -7.343473 | BC29: 0 | BD29: -2.6386522 | BE29: 0 | BF29: -6.374189 | BG29: -1012.2534 | BH29: -84.538584 | BI29: -3.1225023e-17 | BJ29: 0.093309695 | BK29: -267.05244 | BL29: -9.3309695e-06 | BM29: 0 | BN29: -46.094989 | BO29: 0.031103232 | BP29: -23.949488 | BQ29: 0.16484713 | BR29: -0.83324811 | BS29: #VALUE! | BT29: 0 | BU29: 9.3309695e-05 | BV29: -0.065316786 | BW29: 0.16640959 | BX29: -0.011999896 | BY29: -17.759945 | BZ29: 0 | CA29: #VALUE! | CB29: 0 | CC29: 0 | CD29: 0 | CE29: 0 | CF29: 11.665899 | CG29: 0.36291251 | CH29: 3.7763559 | CI29: 0.015551616 | CJ29: 0.64199446 | CK29: #VALUE! | CL29: 0 | CM29: 0 | CN29: 4.1233998 | CO29: -0.018661939 | CP29: 0 | CQ29: #VALUE! | CR29: 0 | CS29: -0.015551616 | CT29: -0.031103232 | CU29: 0 | CV29: 0 | CW29: 0 | CX29: #VALUE! | CY29: 0 | CZ29: 0 | DA29: 0 | DB29: -3.4379703 | DC29: 0 | DD29: 0 | DE29: 6.6898162 | DF29: #VALUE! | DG29: 0.083039781 | DH29: 1.2585977 | DI29: #VALUE! | DJ29: 0 | DK29: -4.7528848 | DL29: 0 | DM29: -256.88159 | DN29: 0 | DO29: 0 | DP29: #VALUE! | DQ29: 0 | DR29: 3.4459703 | DS29: -36.826226 | DT29: -9.0199372 | DU29: 0.36390781 | DV29: 0 | DW29: -1.0864981 | DX29: 0.46164732 | DY29: -61.176324 | DZ29: 0.093309695 | EA29: -224.12989 | EB29: -0.00093309695 | EC29: 1.0264066 | ED29: -33.435974 | EE29: #VALUE! | EF29: 0 | EG29: 0 | EH29: #VALUE! | EI29: #VALUE! | EJ29: #VALUE! | EK29: -5.0076203 | EL29: 5.0441003 | EM29: #VALUE! | EN29: -0.34213555 | EO29: #VALUE! | EP29: -92.532114 | EQ29: -2.9520705 | ER29: 0 | ES29: -6.5073925 | ET29: -24.920785 | EU29: -1300.0888 | EV29: 0 | EW29: 1.2441293 | EX29: 1.1872104 | EY29: -2.3327424 | EZ29: 11.383783 | FA29: #VALUE! | FB29: #VALUE! | FC29: 0.040620821 | FD29: 0.0081610836 | FE29: -0.33499711 | FF29: #VALUE! | FG29: 11.797456 | FH29: -12.347983 | FI29: -278.01642 | FJ29: -5.3543803 | FK29: -56.189278 | FL29: #VALUE! | FM29: 45.72175 | FN29: 0 | FO29: #VALUE! | FP29: 0 | FQ29: 0 | FR29: -13.778732 | FS29: 4.6154085 | FT29: -2715.7564 | FU29: -2861.142
A30: Q4 2006 | B30: #VALUE! | C30: -1.5789366 | D30: 0 | E30: 44.384312 | F30: -1.3592112 | G30: 0 | H30: 0.093309695 | I30: -118.75214 | J30: 0 | K30: 0 | L30: 0 | M30: 0.20742745 | N30: 1.8661939e-05 | O30: -27.106603 | P30: 0 | Q30: #VALUE! | R30: -30.418961 | S30: #VALUE! | T30: #VALUE! | U30: #VALUE! | V30: -0.88450379 | W30: 0 | X30: -82.161649 | Y30: 0 | Z30: -0.13272324 | AA30: #VALUE! | AB30: -0.50576965 | AC30: 0 | AD30: 0 | AE30: 0 | AF30: -42.798047 | AG30: #VALUE! | AH30: 0 | AI30: 6.2206463e-06 | AJ30: -35.718951 | AK30: 0 | AL30: 0 | AM30: 204.9703 | AN30: -3.3000529 | AO30: 0 | AP30: #VALUE! | AQ30: -6.2206463e-06 | AR30: 0.060977618 | AS30: #VALUE! | AT30: 0 | AU30: #VALUE! | AV30: 0.049765171 | AW30: -0.40856723 | AX30: -0.054990514 | AY30: 0.0092065566 | AZ30: -0.02230139 | BA30: -0.04282915 | BB30: -7.343473 | BC30: 0 | BD30: -2.6386522 | BE30: 0 | BF30: -6.374189 | BG30: -1097.6315 | BH30: -107.55494 | BI30: -3.1225023e-17 | BJ30: 0.093309695 | BK30: -304.87385 | BL30: -9.3309695e-06 | BM30: 0 | BN30: -46.094989 | BO30: 0.031103232 | BP30: -20.279307 | BQ30: 0.16484713 | BR30: -0.34235887 | BS30: #VALUE! | BT30: 0 | BU30: 9.3309695e-05 | BV30: -0.065316786 | BW30: 0.1682096 | BX30: -0.011999896 | BY30: -23.358527 | BZ30: 0 | CA30: #VALUE! | CB30: 0 | CC30: 0 | CD30: 6.2206464e-05 | CE30: 0 | CF30: 11.665899 | CG30: 0.36428105 | CH30: 11.299277 | CI30: 0.015551616 | CJ30: -0.6259946 | CK30: #VALUE! | CL30: 0 | CM30: 0 | CN30: 4.1233998 | CO30: -0.018661939 | CP30: 0 | CQ30: #VALUE! | CR30: 0 | CS30: -0.015551616 | CT30: -0.062206463 | CU30: 0 | CV30: 0 | CW30: 0 | CX30: #VALUE! | CY30: -0.012441293 | CZ30: 0 | DA30: 0 | DB30: -3.9189662 | DC30: 0 | DD30: 0 | DE30: 6.2730002 | DF30: #VALUE! | DG30: 0.083039781 | DH30: 1.2585977 | DI30: #VALUE! | DJ30: 0 | DK30: -4.7528848 | DL30: 0 | DM30: -270.87804 | DN30: 0 | DO30: 0 | DP30: #VALUE! | DQ30: 0 | DR30: 3.4459703 | DS30: -36.826226 | DT30: -9.0199372 | DU30: 0.36390781 | DV30: 0 | DW30: -1.0864981 | DX30: 0.46164732 | DY30: -59.747753 | DZ30: 0.093309695 | EA30: -224.12989 | EB30: -0.00093309695 | EC30: 1.0264066 | ED30: -21.119094 | EE30: #VALUE! | EF30: 0 | EG30: 0 | EH30: #VALUE! | EI30: #VALUE! | EJ30: #VALUE! | EK30: -5.0076203 | EL30: 5.0440588 | EM30: #VALUE! | EN30: -0.31103232 | EO30: #VALUE! | EP30: -106.71519 | EQ30: -2.9520705 | ER30: 0 | ES30: -6.5464025 | ET30: -26.920768 | EU30: -1300.0888 | EV30: 0 | EW30: 1.2441293 | EX30: 1.3358838 | EY30: -2.3327424 | EZ30: 11.383783 | FA30: #VALUE! | FB30: #VALUE! | FC30: 0.040620821 | FD30: 0.0081610836 | FE30: -0.33499711 | FF30: #VALUE! | FG30: 11.797456 | FH30: -12.347983 | FI30: -278.0247 | FJ30: -5.3543803 | FK30: -56.190452 | FL30: #VALUE! | FM30: 46.032783 | FN30: 0 | FO30: #VALUE! | FP30: 0 | FQ30: 0 | FR30: -13.778732 | FS30: 4.6154085 | FT30: -2779.2821 | FU30: -2924.6676
A31: Q1 2007 | B31: #VALUE! | C31: -1.5788946 | D31: 0 | E31: 44.384312 | F31: -1.3592112 | G31: 0 | H31: 0.093309695 | I31: -118.75214 | J31: 0 | K31: 0 | L31: 0 | M31: 0.20742745 | N31: 1.8661939e-05 | O31: -34.167123 | P31: 0 | Q31: #VALUE! | R31: -30.450064 | S31: #VALUE! | T31: #VALUE! | U31: #VALUE! | V31: -0.88450379 | W31: 0 | X31: -82.160675 | Y31: 0 | Z31: -0.12961292 | AA31: #VALUE! | AB31: -0.50576965 | AC31: 0 | AD31: 0 | AE31: 0 | AF31: -42.798047 | AG31: #VALUE! | AH31: 0 | AI31: 6.2206463e-06 | AJ31: -35.718951 | AK31: 0 | AL31: 0 | AM31: 204.9703 | AN31: -3.3124942 | AO31: 0 | AP31: #VALUE! | AQ31: -6.2206463e-06 | AR31: 0.0042863582 | AS31: #VALUE! | AT31: 0 | AU31: #VALUE! | AV31: 0.049765171 | AW31: -0.42191534 | AX31: -0.054990514 | AY31: 0.0092065566 | AZ31: -0.02230139 | BA31: -0.04282915 | BB31: -7.343473 | BC31: 0 | BD31: -2.6386522 | BE31: 0 | BF31: -6.374189 | BG31: -1163.0994 | BH31: -105.70125 | BI31: -3.1225023e-17 | BJ31: 0.093309695 | BK31: -335.72841 | BL31: -9.3309695e-06 | BM31: 0 | BN31: -46.094989 | BO31: 0.031103232 | BP31: -20.092688 | BQ31: 0.16484713 | BR31: -0.65339119 | BS31: #VALUE! | BT31: 0 | BU31: 9.3309695e-05 | BV31: -0.065316786 | BW31: 0.16154999 | BX31: -0.011999896 | BY31: -23.358527 | BZ31: 0 | CA31: #VALUE! | CB31: 0 | CC31: 0 | CD31: 6.2206464e-05 | CE31: 0 | CF31: 11.665899 | CG31: 0.36428105 | CH31: 11.955425 | CI31: 0.015551616 | CJ31: -0.6259946 | CK31: #VALUE! | CL31: 0 | CM31: 0 | CN31: 4.1233998 | CO31: -0.018661939 | CP31: 0 | CQ31: #VALUE! | CR31: 0 | CS31: -0.015551616 | CT31: -0.062206463 | CU31: 0 | CV31: 0 | CW31: 0 | CX31: #VALUE! | CY31: 0 | CZ31: 0 | DA31: 0 | DB31: -3.2069723 | DC31: 0 | DD31: 0 | DE31: 3.6203104 | DF31: #VALUE! | DG31: 0.083039781 | DH31: 1.2585977 | DI31: #VALUE! | DJ31: 0 | DK31: -4.7528848 | DL31: 0 | DM31: -270.87804 | DN31: 0 | DO31: 0 | DP31: #VALUE! | DQ31: 0 | DR31: 3.4459703 | DS31: -36.826226 | DT31: -9.0199372 | DU31: 0.36390781 | DV31: 0 | DW31: -1.0864981 | DX31: 0.46164732 | DY31: -62.686386 | DZ31: 0.093309695 | EA31: -224.12989 | EB31: 7.7602563 | EC31: 1.0264066 | ED31: -22.33212 | EE31: #VALUE! | EF31: 0 | EG31: 0 | EH31: #VALUE! | EI31: #VALUE! | EJ31: #VALUE! | EK31: -5.0076203 | EL31: 3.1795668 | EM31: #VALUE! | EN31: -0.31103232 | EO31: #VALUE! | EP31: -146.52732 | EQ31: -2.9520705 | ER31: 0 | ES31: -6.5057619 | ET31: -29.220748 | EU31: -1300.0888 | EV31: 0 | EW31: 1.2441293 | EX31: 1.2945165 | EY31: -2.3327424 | EZ31: 11.383783 | FA31: #VALUE! | FB31: #VALUE! | FC31: 0.040620821 | FD31: 0.0081610836 | FE31: -0.33499711 | FF31: #VALUE! | FG31: 11.797456 | FH31: -12.347983 | FI31: -278.01694 | FJ31: -5.3543803 | FK31: -56.190903 | FL31: #VALUE! | FM31: 45.72175 | FN31: 0 | FO31: #VALUE! | FP31: 0 | FQ31: 0 | FR31: -12.733822 | FS31: 4.6154085 | FT31: -2859.8936 | FU31: -3005.2791
A32: Q2 2007 | B32: #VALUE! | C32: -1.5788504 | D32: 0 | E32: 44.384312 | F32: -1.3592112 | G32: 0 | H32: 0.12441293 | I32: -122.73335 | J32: 0 | K32: 0 | L32: 0 | M32: 0.20742745 | N32: 1.8661939e-05 | O32: -51.267808 | P32: 0 | Q32: #VALUE! | R32: -30.450064 | S32: #VALUE! | T32: #VALUE! | U32: #VALUE! | V32: -0.88450379 | W32: 0 | X32: -82.159677 | Y32: 0 | Z32: -0.1265026 | AA32: #VALUE! | AB32: -0.50576965 | AC32: 0 | AD32: 0 | AE32: 0 | AF32: -42.798047 | AG32: #VALUE! | AH32: 0 | AI32: 6.2206463e-06 | AJ32: -35.718951 | AK32: 0 | AL32: 0 | AM32: 204.9703 | AN32: -3.3124942 | AO32: 0 | AP32: #VALUE! | AQ32: -6.2206463e-06 | AR32: 0.0013410472 | AS32: #VALUE! | AT32: 0 | AU32: #VALUE! | AV32: 0.049765171 | AW32: -0.4579725 | AX32: -0.054990514 | AY32: 0.0092065566 | AZ32: -0.02230139 | BA32: -0.04282915 | BB32: -7.343473 | BC32: 0 | BD32: -2.6386522 | BE32: 0 | BF32: -6.374189 | BG32: -1297.9941 | BH32: -142.71404 | BI32: -3.1225023e-17 | BJ32: 0.093309695 | BK32: -357.53165 | BL32: -9.3309695e-06 | BM32: 0 | BN32: -48.02339 | BO32: 0.031103232 | BP32: -19.937171 | BQ32: 0.19906068 | BR32: -0.65339119 | BS32: #VALUE! | BT32: 0 | BU32: 9.3309695e-05 | BV32: -0.065316786 | BW32: 0.1504551 | BX32: -0.011999896 | BY32: -23.358527 | BZ32: 0 | CA32: #VALUE! | CB32: 0.12441293 | CC32: 0 | CD32: 6.2206464e-05 | CE32: 0 | CF32: 11.665899 | CG32: 0.36428105 | CH32: 13.822039 | CI32: 0.015551616 | CJ32: -0.6259946 | CK32: #VALUE! | CL32: 0 | CM32: 0 | CN32: 4.1233998 | CO32: -0.018661939 | CP32: 0 | CQ32: #VALUE! | CR32: 0 | CS32: -0.015551616 | CT32: -0.062206463 | CU32: 0 | CV32: 0 | CW32: 0 | CX32: #VALUE! | CY32: 0 | CZ32: 0 | DA32: 0 | DB32: -3.5019698 | DC32: 0 | DD32: 0 | DE32: 4.5054484 | DF32: #VALUE! | DG32: 0.083039781 | DH32: 1.56963 | DI32: #VALUE! | DJ32: 0 | DK32: -4.7528848 | DL32: 0 | DM32: -270.87804 | DN32: 0 | DO32: 0 | DP32: #VALUE! | DQ32: 0 | DR32: 3.4459703 | DS32: -36.826226 | DT32: -9.0199372 | DU32: 0.37012846 | DV32: 0 | DW32: -1.0864981 | DX32: 0.46164732 | DY32: -63.336133 | DZ32: 0.093309695 | EA32: -224.12989 | EB32: 11.343038 | EC32: 0.99530341 | ED32: -15.676029 | EE32: #VALUE! | EF32: 0 | EG32: 0 | EH32: #VALUE! | EI32: #VALUE! | EJ32: #VALUE! | EK32: -5.0076203 | EL32: 3.1795668 | EM32: #VALUE! | EN32: -0.27992908 | EO32: #VALUE! | EP32: -216.97614 | EQ32: -2.9520705 | ER32: 0 | ES32: -6.4852646 | ET32: -32.020724 | EU32: -1313.9887 | EV32: 0 | EW32: 1.2441293 | EX32: 1.4463003 | EY32: -2.3327424 | EZ32: 11.383783 | FA32: #VALUE! | FB32: #VALUE! | FC32: 0.040620821 | FD32: 0.0081610836 | FE32: -0.33499711 | FF32: #VALUE! | FG32: 12.046282 | FH32: -12.347983 | FI32: -278.01337 | FJ32: -5.3543803 | FK32: -56.190903 | FL32: #VALUE! | FM32: 45.72175 | FN32: 0 | FO32: #VALUE! | FP32: 0 | FQ32: 0 | FR32: -13.114538 | FS32: 4.6154085 | FT32: -3015.6739 | FU32: -3161.0594
A33: Q3 2007 | B33: #VALUE! | C33: -1.5788059 | D33: 0 | E33: 44.384312 | F33: -1.3592112 | G33: 0 | H33: 0.12441293 | I33: -127.49215 | J33: 0 | K33: 0 | L33: 0 | M33: 0.20823614 | N33: 1.8661939e-05 | O33: -56.304839 | P33: 0 | Q33: #VALUE! | R33: -30.450064 | S33: #VALUE! | T33: #VALUE! | U33: #VALUE! | V33: -0.88450379 | W33: 0 | X33: -82.158635 | Y33: 0 | Z33: -0.1265026 | AA33: #VALUE! | AB33: -0.50576965 | AC33: 0 | AD33: 0 | AE33: 0 | AF33: -42.798047 | AG33: #VALUE! | AH33: 0 | AI33: 6.2206463e-06 | AJ33: -35.718951 | AK33: 0 | AL33: 0 | AM33: 204.9703 | AN33: -3.3218251 | AO33: 0 | AP33: #VALUE! | AQ33: -6.2206463e-06 | AR33: 0.0094178157 | AS33: #VALUE! | AT33: 0 | AU33: #VALUE! | AV33: 0.049765171 | AW33: -0.52488037 | AX33: -0.054990514 | AY33: 0.0092065566 | AZ33: -0.02230139 | BA33: -0.04282915 | BB33: -7.343473 | BC33: 0 | BD33: -2.6386522 | BE33: 0 | BF33: -6.374189 | BG33: -1355.4281 | BH33: -142.71404 | BI33: -3.1225023e-17 | BJ33: 0.093309695 | BK33: -382.10323 | BL33: -9.3309695e-06 | BM33: 0 | BN33: -51.227022 | BO33: 0.031103232 | BP33: -19.843862 | BQ33: 0.16484713 | BR33: -0.80890734 | BS33: #VALUE! | BT33: 0 | BU33: 9.3309695e-05 | BV33: -0.065316786 | BW33: 0.15117813 | BX33: -0.011999896 | BY33: -23.358527 | BZ33: 0 | CA33: #VALUE! | CB33: 0 | CC33: 0 | CD33: 6.2206464e-05 | CE33: 0 | CF33: 11.665899 | CG33: 0.36428105 | CH33: 6.6713365 | CI33: 0.015551616 | CJ33: 0.63899449 | CK33: #VALUE! | CL33: 0 | CM33: 0 | CN33: 4.1233998 | CO33: -0.018661939 | CP33: 0 | CQ33: #VALUE! | CR33: 0 | CS33: -0.015551616 | CT33: -0.062206463 | CU33: 0 | CV33: 0 | CW33: 0 | CX33: #VALUE! | CY33: 0 | CZ33: 0 | DA33: 0 | DB33: -2.7289765 | DC33: 0 | DD33: 0 | DE33: 5.3839053 | DF33: #VALUE! | DG33: 0.083039781 | DH33: 1.56963 | DI33: #VALUE! | DJ33: 0 | DK33: -4.7528848 | DL33: 0 | DM33: -270.87804 | DN33: 0 | DO33: 0 | DP33: #VALUE! | DQ33: 0 | DR33: 3.4459703 | DS33: -36.826226 | DT33: -9.0199372 | DU33: 0.37012846 | DV33: 0 | DW33: -1.0864981 | DX33: 0.46164732 | DY33: -76.586109 | DZ33: 0.093309695 | EA33: -224.12989 | EB33: 10.260023 | EC33: 0.99530341 | ED33: 5.9407172 | EE33: #VALUE! | EF33: 0 | EG33: 0 | EH33: #VALUE! | EI33: #VALUE! | EJ33: #VALUE! | EK33: -5.0076203 | EL33: 3.1795668 | EM33: #VALUE! | EN33: -0.27992908 | EO33: #VALUE! | EP33: -241.85873 | EQ33: -2.9520705 | ER33: 0 | ES33: -6.4429247 | ET33: -34.7207 | EU33: -1413.0078 | EV33: 0 | EW33: 1.2441293 | EX33: 1.4699387 | EY33: -2.3327424 | EZ33: 11.383783 | FA33: #VALUE! | FB33: #VALUE! | FC33: 0.040620821 | FD33: 0.0078811546 | FE33: -0.33499711 | FF33: #VALUE! | FG33: 12.232901 | FH33: -12.347983 | FI33: -278.01339 | FJ33: -5.3543804 | FK33: -56.187794 | FL33: #VALUE! | FM33: 45.72175 | FN33: 0 | FO33: #VALUE! | FP33: 0 | FQ33: 0 | FR33: -12.730889 | FS33: 4.6154085 | FT33: -3182.2976 | FU33: -3327.6832
A34: Q4 2007 | B34: #VALUE! | C34: -1.5787776 | D34: 0 | E34: 44.384312 | F34: -1.3592112 | G34: 0 | H34: 0.12441293 | I34: -127.49215 | J34: 0 | K34: 0 | L34: 0 | M34: 0.21445678 | N34: 1.8661939e-05 | O34: -61.417752 | P34: 0 | Q34: #VALUE! | R34: -30.481167 | S34: #VALUE! | T34: #VALUE! | U34: #VALUE! | V34: -0.88450379 | W34: 0 | X34: -82.156161 | Y34: 0 | Z34: -0.12028195 | AA34: #VALUE! | AB34: -0.50576965 | AC34: 0 | AD34: 0 | AE34: 0 | AF34: -42.798047 | AG34: #VALUE! | AH34: 0 | AI34: 6.2206463e-06 | AJ34: -35.718951 | AK34: 0 | AL34: 0 | AM34: 204.9703 | AN34: -3.3249355 | AO34: 0 | AP34: #VALUE! | AQ34: -6.2206463e-06 | AR34: 0.0066871948 | AS34: #VALUE! | AT34: 0 | AU34: #VALUE! | AV34: 0.049765171 | AW34: -0.52890828 | AX34: -0.05495941 | AY34: 0.0092065566 | AZ34: -0.02230139 | BA34: -0.04282915 | BB34: -7.343473 | BC34: 0 | BD34: -2.6386522 | BE34: 0 | BF34: -6.374189 | BG34: -1456.1055 | BH34: -184.70032 | BI34: -3.1225023e-17 | BJ34: 0.093309695 | BK34: -421.57314 | BL34: -9.3309695e-06 | BM34: 0 | BN34: -51.227022 | BO34: 0.031103232 | BP34: -19.501726 | BQ34: 0.18661939 | BR34: -0.80890734 | BS34: #VALUE! | BT34: 0 | BU34: 9.3309695e-05 | BV34: -0.065316786 | BW34: 0.15190117 | BX34: -0.011999896 | BY34: -23.358527 | BZ34: 0 | CA34: #VALUE! | CB34: 0 | CC34: 0 | CD34: 6.2206464e-05 | CE34: 0 | CF34: 11.665899 | CG34: 1.9194426 | CH34: 13.509944 | CI34: 0.015551616 | CJ34: 0.63999448 | CK34: #VALUE! | CL34: 0 | CM34: 0 | CN34: 4.1233998 | CO34: -0.018661939 | CP34: 0 | CQ34: #VALUE! | CR34: 0 | CS34: 0 | CT34: -0.062206463 | CU34: 0 | CV34: 0 | CW34: 0 | CX34: #VALUE! | CY34: 0.31103232 | CZ34: 0 | DA34: 0 | DB34: -3.1059732 | DC34: 0 | DD34: 0 | DE34: 7.0727691 | DF34: #VALUE! | DG34: 0.083039781 | DH34: 1.2585977 | DI34: #VALUE! | DJ34: 0 | DK34: -4.7528848 | DL34: 0 | DM34: -290.37977 | DN34: 0 | DO34: 0 | DP34: #VALUE! | DQ34: 0 | DR34: 3.4459703 | DS34: -36.826226 | DT34: -9.0199372 | DU34: 0.48521041 | DV34: 0 | DW34: -1.0864981 | DX34: 0.46164732 | DY34: -71.804609 | DZ34: 0.093309695 | EA34: -224.16099 | EB34: 11.814874 | EC34: 0.043544524 | ED34: 27.744083 | EE34: #VALUE! | EF34: 0 | EG34: 0 | EH34: #VALUE! | EI34: #VALUE! | EJ34: #VALUE! | EK34: -5.0076203 | EL34: 3.1795668 | EM34: #VALUE! | EN34: -0.15551616 | EO34: #VALUE! | EP34: -241.85873 | EQ34: -2.9520705 | ER34: 0 | ES34: -6.376869 | ET34: -36.620684 | EU34: -1444.9775 | EV34: 0 | EW34: 1.2441293 | EX34: 1.6148798 | EY34: -2.3327424 | EZ34: 11.383783 | FA34: #VALUE! | FB34: #VALUE! | FC34: 0.040620821 | FD34: 0.0078811546 | FE34: -0.33524435 | FF34: #VALUE! | FG34: 12.637243 | FH34: -12.347983 | FI34: -278.01339 | FJ34: -5.3543804 | FK34: -56.187819 | FL34: #VALUE! | FM34: 45.72175 | FN34: 0 | FO34: #VALUE! | FP34: 0 | FQ34: 0 | FR34: -13.081875 | FS34: 4.6154085 | FT34: -3283.842 | FU34: -3429.156
... A38: Q4 2008 | B38: #VALUE! | C38: -2.1577288 | D38: 0 | E38: 44.384312 | F38: -1.3592112 | G38: 0 | H38: 0.15551616 | I38: -127.49215 | J38: 0 | K38: 0 | L38: 0 | M38: 0.21324376 | N38: 1.8661939e-05 | O38: -74.327903 | P38: 0 | Q38: #VALUE! | R38: -30.574477 | S38: #VALUE! | T38: #VALUE! | U38: #VALUE! | V38: -0.88450379 | W38: 0 | X38: -82.153299 | Y38: 0 | Z38: -0.042523872 | AA38: #VALUE! | AB38: -0.50576965 | AC38: 0 | AD38: 0 | AE38: 0 | AF38: -42.798047 | AG38: #VALUE! | AH38: 0 | AI38: 6.2206463e-06 | AJ38: -35.718951 | AK38: 0 | AL38: 0 | AM38: 204.9703 | AN38: -3.3373768 | AO38: 0 | AP38: #VALUE! | AQ38: -6.2206463e-06 | AR38: 0.0087851632 | AS38: #VALUE! | AT38: 0 | AU38: #VALUE! | AV38: -0.5505272 | AW38: -0.74336724 | AX38: -0.055674785 | AY38: 0.0092065566 | AZ38: -0.02230139 | BA38: -0.037977046 | BB38: -7.343473 | BC38: 0 | BD38: -2.6386522 | BE38: 0 | BF38: -6.374189 | BG38: -1595.4577 | BH38: -213.78806 | BI38: -3.1225023e-17 | BJ38: 0.093309695 | BK38: -532.48733 | BL38: -9.3309695e-06 | BM38: 0 | BN38: -56.01692 | BO38: 0.031103232 | BP38: -19.532829 | BQ38: 0.16795745 | BR38: -0.68903487 | BS38: #VALUE! | BT38: 0 | BU38: 9.3309695e-05 | BV38: -0.065316786 | BW38: 0.14883179 | BX38: -0.011999896 | BY38: -23.358527 | BZ38: 0 | CA38: #VALUE! | CB38: 0.52875494 | CC38: 0 | CD38: 6.2206464e-05 | CE38: 0 | CF38: 11.665899 | CG38: 0.39538428 | CH38: 15.901709 | CI38: 0.015551616 | CJ38: 0.68999405 | CK38: #VALUE! | CL38: 0 | CM38: 0 | CN38: 6.4694722 | CO38: -0.018661939 | CP38: 0 | CQ38: #VALUE! | CR38: 0 | CS38: 0.012441293 | CT38: -0.093309695 | CU38: -0.0011508196 | CV38: 0 | CW38: 0 | CX38: #VALUE! | CY38: -0.0031103232 | CZ38: 0 | DA38: -0.0065316786 | DB38: -0.58399496 | DC38: 0 | DD38: 0 | DE38: 3.012292 | DF38: #VALUE! | DG38: 0.083039781 | DH38: 1.2585977 | DI38: #VALUE! | DJ38: 0 | DK38: -4.7528848 | DL38: 0 | DM38: -299.3686 | DN38: 0 | DO38: 0 | DP38: #VALUE! | DQ38: 0 | DR38: 3.4459703 | DS38: -36.826226 | DT38: -9.020497 | DU38: 0.48521041 | DV38: 0 | DW38: -0.42648751 | DX38: 0.46164732 | DY38: -49.535629 | DZ38: 0.12441293 | EA38: -224.16099 | EB38: 11.817984 | EC38: 0.040434201 | ED38: 96.979876 | EE38: #VALUE! | EF38: 0 | EG38: 179.95397 | EH38: #VALUE! | EI38: #VALUE! | EJ38: #VALUE! | EK38: -5.0076203 | EL38: 3.1935632 | EM38: #VALUE! | EN38: 0.27992908 | EO38: #VALUE! | EP38: -241.85873 | EQ38: -2.8457286 | ER38: 0 | ES38: -6.1628899 | ET38: -48.420582 | EU38: -1550.0766 | EV38: -0.093309695 | EW38: 1.5551616 | EX38: 2.0649435 | EY38: -2.3327424 | EZ38: 11.383783 | FA38: #VALUE! | FB38: #VALUE! | FC38: 0.042175982 | FD38: 0.014101801 | FE38: -0.33524435 | FF38: #VALUE! | FG38: 13.165998 | FH38: -12.347983 | FI38: -278.01347 | FJ38: -5.3543804 | FK38: -56.188246 | FL38: #VALUE! | FM38: 45.410718 | FN38: 0 | FO38: #VALUE! | FP38: 0 | FQ38: 0 | FR38: -13.550911 | FS38: 4.6154085 | FT38: -3265.9209 | FU38: -3441.2495
A39: Q1 2009 | B39: #VALUE! | C39: -2.1576928 | D39: 0 | E39: 44.384312 | F39: -1.3592112 | G39: 0 | H39: 0.16469811 | I39: -127.49215 | J39: 0 | K39: 0 | L39: 0 | M39: 0.21324376 | N39: 1.8661939e-05 | O39: -79.401309 | P39: 0 | Q39: #VALUE! | R39: -30.574477 | S39: #VALUE! | T39: #VALUE! | U39: #VALUE! | V39: -0.88450379 | W39: 1.3172893 | X39: -82.153299 | Y39: 0 | Z39: -0.030082579 | AA39: #VALUE! | AB39: -0.50576965 | AC39: 0 | AD39: 0 | AE39: -0.9316662 | AF39: -42.798047 | AG39: #VALUE! | AH39: -0.34605456 | AI39: #VALUE! | AJ39: -35.718951 | AK39: 0 | AL39: 0 | AM39: 204.9703 | AN39: -3.3373768 | AO39: 0 | AP39: #VALUE! | AQ39: -0.34606078 | AR39: 0.0018906979 | AS39: #VALUE! | AT39: 0 | AU39: #VALUE! | AV39: -0.5505272 | AW39: -0.74336724 | AX39: -0.055674785 | AY39: 0.0092065566 | AZ39: -0.02230139 | BA39: -0.037977046 | BB39: -7.343473 | BC39: 0 | BD39: -2.6386522 | BE39: 0 | BF39: -6.374189 | BG39: -1600.0821 | BH39: -210.46316 | BI39: -3.1225023e-17 | BJ39: 0.093309695 | BK39: -571.86399 | BL39: -0.39928152 | BM39: 0 | BN39: -56.01692 | BO39: 0.031103232 | BP39: -19.657242 | BQ39: 0.1741781 | BR39: -0.68903487 | BS39: #VALUE! | BT39: 0 | BU39: 9.3309695e-05 | BV39: -0.065316786 | BW39: 0.14883179 | BX39: -0.011999896 | BY39: -23.358527 | BZ39: 0 | CA39: #VALUE! | CB39: 0 | CC39: 0 | CD39: 6.2206464e-05 | CE39: 0 | CF39: 11.665899 | CG39: 0.39538428 | CH39: 15.933709 | CI39: 0.015551616 | CJ39: 0.68999405 | CK39: #VALUE! | CL39: 0 | CM39: 2.1772262e-07 | CN39: 6.4694722 | CO39: -0.018661939 | CP39: 0 | CQ39: #VALUE! | CR39: 0 | CS39: 0.021772262 | CT39: -0.093309695 | CU39: -0.0011508196 | CV39: 0 | CW39: 0 | CX39: #VALUE! | CY39: 0.28926005 | CZ39: 0 | DA39: -0.0065316786 | DB39: -1.2889889 | DC39: 0 | DD39: 0 | DE39: -0.39200647 | DF39: #VALUE! | DG39: 0.083039781 | DH39: 1.2585977 | DI39: #VALUE! | DJ39: 0 | DK39: -4.7528848 | DL39: 0 | DM39: -299.3686 | DN39: 0 | DO39: 0 | DP39: #VALUE! | DQ39: 0 | DR39: 3.4459703 | DS39: -36.826226 | DT39: -9.020497 | DU39: 0.48521041 | DV39: 0 | DW39: -0.42648751 | DX39: 0.46164732 | DY39: -49.435787 | DZ39: 0.12441293 | EA39: -224.16099 | EB39: 11.817984 | EC39: 0.040434201 | ED39: 109.26565 | EE39: #VALUE! | EF39: 0 | EG39: 179.95397 | EH39: #VALUE! | EI39: #VALUE! | EJ39: #VALUE! | EK39: -8.3356661 | EL39: 3.1795668 | EM39: #VALUE! | EN39: 0.37323878 | EO39: #VALUE! | EP39: -241.85873 | EQ39: -2.8457286 | ER39: 0 | ES39: -6.1323282 | ET39: -51.816553 | EU39: -1550.0766 | EV39: -0.093309695 | EW39: 1.5551616 | EX39: 2.1448789 | EY39: -2.3327424 | EZ39: 11.383783 | FA39: #VALUE! | FB39: #VALUE! | FC39: 0.042175982 | FD39: 0.014101801 | FE39: -0.33524435 | FF39: #VALUE! | FG39: 13.290411 | FH39: -12.347983 | FI39: -278.01689 | FJ39: -5.3543804 | FK39: -56.188271 | FL39: #VALUE! | FM39: 45.410718 | FN39: 0 | FO39: #VALUE! | FP39: 0 | FQ39: 0 | FR39: -13.778732 | FS39: 4.6154085 | FT39: -3305.0646 | FU39: -3480.0471
A40: Q2 2009 | B40: #VALUE! | C40: -2.1576928 | D40: 0 | E40: 44.384312 | F40: -1.3592112 | G40: 0 | H40: 0.16559494 | I40: -127.49215 | J40: 0.0019999378 | K40: 0 | L40: 0 | M40: 0.21380361 | N40: 1.8661939e-05 | O40: -79.520101 | P40: 0 | Q40: #VALUE! | R40: -30.574477 | S40: #VALUE! | T40: #VALUE! | U40: #VALUE! | V40: -0.88450379 | W40: 1.3177293 | X40: -82.153299 | Y40: 0 | Z40: -0.026972256 | AA40: #VALUE! | AB40: -0.50576965 | AC40: 0 | AD40: -0.00099530341 | AE40: -0.9316662 | AF40: -42.798047 | AG40: #VALUE! | AH40: -0.34605456 | AI40: #VALUE! | AJ40: -35.718951 | AK40: 0 | AL40: 0 | AM40: 659.07748 | AN40: -3.3373768 | AO40: 0 | AP40: #VALUE! | AQ40: -0.34606078 | AR40: 0.0033589482 | AS40: #VALUE! | AT40: 0 | AU40: #VALUE! | AV40: -0.5505272 | AW40: -0.85222855 | AX40: -0.055674785 | AY40: 0.0092065566 | AZ40: -0.02230139 | BA40: -0.037977046 | BB40: -7.343473 | BC40: 0 | BD40: -2.6386522 | BE40: 0 | BF40: -6.374189 | BG40: -1646.5907 | BH40: -245.96121 | BI40: -3.1225023e-17 | BJ40: 0.093309695 | BK40: -579.08 | BL40: -0.39928152 | BM40: 0 | BN40: -60.309166 | BO40: 0.031103232 | BP40: -19.657242 | BQ40: 0.18661939 | BR40: -0.68903487 | BS40: #VALUE! | BT40: 0 | BU40: 9.3309695e-05 | BV40: -0.065316786 | BW40: 0.14883179 | BX40: -0.011999896 | BY40: -23.358527 | BZ40: 0 | CA40: #VALUE! | CB40: 0.52875494 | CC40: 0 | CD40: 6.2206464e-05 | CE40: 0 | CF40: 11.665899 | CG40: 0.39538428 | CH40: 16.881522 | CI40: 0.015551616 | CJ40: 0.7649934 | CK40: #VALUE! | CL40: 0 | CM40: 2.1772262e-07 | CN40: 6.4694722 | CO40: -0.018661939 | CP40: 0 | CQ40: #VALUE! | CR40: 0 | CS40: 0.021772262 | CT40: -0.093309695 | CU40: -0.0011508196 | CV40: 0 | CW40: 0 | CX40: #VALUE! | CY40: 0.28926005 | CZ40: 0 | DA40: -0.0065316786 | DB40: 1.4369876 | DC40: 0 | DD40: 0 | DE40: 0.083225716 | DF40: #VALUE! | DG40: 0.083039781 | DH40: 0.94721782 | DI40: #VALUE! | DJ40: 0 | DK40: -4.7528848 | DL40: 0 | DM40: -299.3686 | DN40: 0 | DO40: 0 | DP40: #VALUE! | DQ40: 0 | DR40: 3.4459703 | DS40: -36.826226 | DT40: -9.020497 | DU40: 0.48521041 | DV40: 0 | DW40: -0.42648751 | DX40: 0.46164732 | DY40: -45.744456 | DZ40: 0.12441293 | EA40: -224.19209 | EB40: 11.817984 | EC40: 0.052875494 | ED40: 127.52325 | EE40: #VALUE! | EF40: 0 | EG40: 179.95397 | EH40: #VALUE! | EI40: #VALUE! | EJ40: #VALUE! | EK40: -8.3356661 | EL40: 3.1935632 | EM40: #VALUE! | EN40: 0.40434201 | EO40: #VALUE! | EP40: -241.85873 | EQ40: -2.8457286 | ER40: 0 | ES40: -6.062257 | ET40: -54.41853 | EU40: -1550.0766 | EV40: -0.093309695 | EW40: 1.5551616 | EX40: 2.165096 | EY40: -2.3327424 | EZ40: 11.383783 | FA40: #VALUE! | FB40: #VALUE! | FC40: 0.047992286 | FD40: 0.014101801 | FE40: -0.33524435 | FF40: #VALUE! | FG40: 13.383721 | FH40: -12.347983 | FI40: -278.01689 | FJ40: -5.3543902 | FK40: -56.18829 | FL40: #VALUE! | FM40: 45.410718 | FN40: 0 | FO40: #VALUE! | FP40: 0 | FQ40: 0 | FR40: -13.778732 | FS40: 4.6154085 | FT40: -2873.6874 | FU40: -3048.6699
A41: Q3 2009 | B41: #VALUE! | C41: -2.1576928 | D41: 0 | E41: 44.384312 | F41: -1.3592112 | G41: 0 | H41: 0.16748422 | I41: -127.49215 | J41: 0.0019999378 | K41: 0 | L41: 0 | M41: 0.21380361 | N41: 1.8661939e-05 | O41: -79.489435 | P41: 0 | Q41: #VALUE! | R41: -30.574477 | S41: #VALUE! | T41: #VALUE! | U41: #VALUE! | V41: -0.88450379 | W41: 1.3177293 | X41: -82.153299 | Y41: 0 | Z41: -0.017641286 | AA41: #VALUE! | AB41: -0.50576965 | AC41: 0 | AD41: 0 | AE41: -0.9316662 | AF41: -42.798047 | AG41: #VALUE! | AH41: -0.34605456 | AI41: #VALUE! | AJ41: -35.718951 | AK41: 0 | AL41: 0 | AM41: 659.07748 | AN41: -3.3373768 | AO41: 0 | AP41: #VALUE! | AQ41: -0.34606078 | AR41: 0.0060798826 | AS41: #VALUE! | AT41: 0 | AU41: #VALUE! | AV41: -0.5505272 | AW41: -0.96108986 | AX41: -0.055674785 | AY41: 0.0092065566 | AZ41: -0.013819819 | BA41: -0.037977046 | BB41: -7.343473 | BC41: 0 | BD41: -2.6386522 | BE41: 0 | BF41: -6.374189 | BG41: -1657.3528 | BH41: -245.96121 | BI41: -3.1225023e-17 | BJ41: 0.093309695 | BK41: -589.21953 | BL41: -0.39928152 | BM41: 0 | BN41: -60.962334 | BO41: 0.031103232 | BP41: -19.626139 | BQ41: 0.19284004 | BR41: -0.68903487 | BS41: #VALUE! | BT41: 0 | BU41: 9.3309695e-05 | BV41: -0.065316786 | BW41: 0.14929551 | BX41: -0.011999896 | BY41: -23.358527 | BZ41: 0 | CA41: #VALUE! | CB41: 0.52875494 | CC41: 0 | CD41: 6.2206464e-05 | CE41: 0 | CF41: 11.665899 | CG41: 0.39538428 | CH41: 15.339328 | CI41: 0.015551616 | CJ41: 0.7649934 | CK41: #VALUE! | CL41: 0 | CM41: 2.1772262e-07 | CN41: 6.4694722 | CO41: -0.018661939 | CP41: 0 | CQ41: #VALUE! | CR41: 0 | CS41: 0.021772262 | CT41: -0.093309695 | CU41: -0.0011508196 | CV41: 0 | CW41: 0 | CX41: #VALUE! | CY41: 0.28926005 | CZ41: 0 | DA41: -0.0065316786 | DB41: 2.1699813 | DC41: 0 | DD41: 0 | DE41: 0.14230444 | DF41: #VALUE! | DG41: 0.083039781 | DH41: 0.94756539 | DI41: #VALUE! | DJ41: 0 | DK41: -3.2968392 | DL41: 0 | DM41: -299.3686 | DN41: 0 | DO41: 0 | DP41: #VALUE! | DQ41: 0 | DR41: 3.4459703 | DS41: -36.826226 | DT41: -9.020497 | DU41: 0.48521041 | DV41: 0 | DW41: -0.42648751 | DX41: 0.46164732 | DY41: -48.808124 | DZ41: 0.11636058 | EA41: -224.19209 | EB41: 11.817984 | EC41: 0.052875494 | ED41: 168.4551 | EE41: #VALUE! | EF41: 0 | EG41: 179.95397 | EH41: #VALUE! | EI41: #VALUE! | EJ41: #VALUE! | EK41: -8.3356661 | EL41: 3.1935632 | EM41: #VALUE! | EN41: 0.40434201 | EO41: #VALUE! | EP41: -241.85873 | EQ41: -2.8457286 | ER41: 0 | ES41: -5.9444175 | ET41: -59.696485 | EU41: -1550.0766 | EV41: -0.093309695 | EW41: 1.5551616 | EX41: 2.165096 | EY41: -2.3327424 | EZ41: 11.383783 | FA41: #VALUE! | FB41: #VALUE! | FC41: 0.047992286 | FD41: 0.014101801 | FE41: -0.33524435 | FF41: #VALUE! | FG41: 13.47703 | FH41: -12.347983 | FI41: -278.01689 | FJ41: -5.3543902 | FK41: -56.188362 | FL41: #VALUE! | FM41: 45.410718 | FN41: 0 | FO41: #VALUE! | FP41: 0 | FQ41: 0 | FR41: -13.778732 | FS41: 4.6154085 | FT41: -2843.3097 | FU41: -3018.2922
A42: Q4 2009 | B42: #VALUE! | C42: -2.1577064 | D42: 0 | E42: 44.384312 | F42: -1.3592112 | G42: 0 | H42: 0.16748422 | I42: -127.49215 | J42: 0.0019999378 | K42: 0 | L42: 0 | M42: 0.21380361 | N42: 1.8661939e-05 | O42: -44.663053 | P42: 0 | Q42: #VALUE! | R42: -30.574477 | S42: #VALUE! | T42: #VALUE! | U42: #VALUE! | V42: -0.88450379 | W42: 1.3177293 | X42: -82.153299 | Y42: 0 | Z42: -0.017641286 | AA42: #VALUE! | AB42: -0.50576965 | AC42: 0 | AD42: 0 | AE42: -0.9316662 | AF42: -42.798047 | AG42: #VALUE! | AH42: -0.34605456 | AI42: #VALUE! | AJ42: -35.718951 | AK42: 0 | AL42: 0 | AM42: 659.07748 | AN42: -3.3373768 | AO42: 0 | AP42: #VALUE! | AQ42: -0.34606078 | AR42: -0.057293075 | AS42: #VALUE! | AT42: 0 | AU42: #VALUE! | AV42: -0.5505272 | AW42: -0.96108986 | AX42: -0.055674785 | AY42: 0.0092065566 | AZ42: -0.013819819 | BA42: -0.037977046 | BB42: -7.343473 | BC42: 0 | BD42: -2.6386522 | BE42: 0 | BF42: -6.374189 | BG42: -1658.5195 | BH42: -245.96436 | BI42: -3.1225023e-17 | BJ42: 0.093309695 | BK42: -589.21953 | BL42: -0.39928152 | BM42: 0 | BN42: -61.833224 | BO42: 0.031103232 | BP42: -19.595036 | BQ42: 0.19906068 | BR42: -0.68925135 | BS42: #VALUE! | BT42: 0 | BU42: 9.3309695e-05 | BV42: -0.065316786 | BW42: 0.14929551 | BX42: 199.98627 | BY42: -23.358527 | BZ42: -212.00064 | CA42: #VALUE! | CB42: 0.52875494 | CC42: 0 | CD42: 6.2206464e-05 | CE42: 0 | CF42: 11.665899 | CG42: 0.38605331 | CH42: 14.414942 | CI42: 0.015551616 | CJ42: 0.79099317 | CK42: #VALUE! | CL42: 0 | CM42: 2.1772262e-07 | CN42: 6.4694722 | CO42: -0.018661939 | CP42: 0 | CQ42: #VALUE! | CR42: 0 | CS42: 0.021772262 | CT42: -0.12441293 | CU42: -0.0011508196 | CV42: 0 | CW42: 0 | CX42: #VALUE! | CY42: -0.0031103232 | CZ42: 0 | DA42: 1.9934061 | DB42: 1.7719847 | DC42: 0 | DD42: 0 | DE42: 0.53937545 | DF42: #VALUE! | DG42: 0.11414301 | DH42: 0.63653308 | DI42: #VALUE! | DJ42: 0 | DK42: -3.2968392 | DL42: 0 | DM42: -299.3686 | DN42: 0 | DO42: 0 | DP42: #VALUE! | DQ42: 0 | DR42: 3.4459703 | DS42: -36.826226 | DT42: -9.020497 | DU42: 0.48521041 | DV42: 0 | DW42: -0.42648751 | DX42: 0.46164732 | DY42: -48.373301 | DZ42: 0.11636058 | EA42: -224.19209 | EB42: 11.817984 | EC42: 0.052875494 | ED42: 226.43153 | EE42: #VALUE! | EF42: 0 | EG42: 179.95397 | EH42: #VALUE! | EI42: #VALUE! | EJ42: #VALUE! | EK42: -8.3356661 | EL42: 3.1935632 | EM42: #VALUE! | EN42: 0.43544524 | EO42: #VALUE! | EP42: -241.85873 | EQ42: 12.961343 | ER42: 0 | ES42: -5.8869294 | ET42: -59.696485 | EU42: -1550.0766 | EV42: -0.093309695 | EW42: 1.5551616 | EX42: 2.2301017 | EY42: -2.3327424 | EZ42: 11.383783 | FA42: #VALUE! | FB42: #VALUE! | FC42: 0.047992286 | FD42: 0.014101801 | FE42: -0.33524435 | FF42: #VALUE! | FG42: 13.601443 | FH42: -12.347983 | FI42: -278.01689 | FJ42: -5.3543902 | FK42: -56.18838 | FL42: #VALUE! | FM42: 49.765171 | FN42: 0 | FO42: #VALUE! | FP42: 0 | FQ42: 0 | FR42: -13.778732 | FS42: 4.6154085 | FT42: -2741.8106 | FU42: -2916.7932
A43: Q1 2010 | B43: #VALUE! | C43: -2.1577064 | D43: 0 | E43: 44.384312 | F43: -1.3592112 | G43: 0 | H43: 0.16795745 | I43: -127.49215 | J43: 0.0019999378 | K43: 0 | L43: 0 | M43: 0.21445678 | N43: 1.8661939e-05 | O43: 266.74296 | P43: 0 | Q43: #VALUE! | R43: -30.574477 | S43: #VALUE! | T43: #VALUE! | U43: #VALUE! | V43: -0.88450379 | W43: 1.3177293 | X43: -82.153299 | Y43: 0 | Z43: -0.017641286 | AA43: #VALUE! | AB43: -0.50576965 | AC43: 0 | AD43: 0 | AE43: -0.9316662 | AF43: -42.798047 | AG43: #VALUE! | AH43: -0.34605456 | AI43: #VALUE! | AJ43: -35.718951 | AK43: 0 | AL43: 0 | AM43: 659.07748 | AN43: -3.3373768 | AO43: 0 | AP43: #VALUE! | AQ43: -0.34606078 | AR43: -0.057306282 | AS43: #VALUE! | AT43: 0 | AU43: #VALUE! | AV43: -0.5505272 | AW43: -1.0712575 | AX43: -0.055674785 | AY43: 0.0092065566 | AZ43: -0.013819819 | BA43: -0.037977046 | BB43: -7.343473 | BC43: 0 | BD43: -2.6386522 | BE43: 0 | BF43: -6.374189 | BG43: -1658.6439 | BH43: -245.96436 | BI43: -3.1225023e-17 | BJ43: 0.093309695 | BK43: -589.21953 | BL43: -0.39928152 | BM43: 0 | BN43: -61.833224 | BO43: 0.031103232 | BP43: -19.719449 | BQ43: 0.19906068 | BR43: -0.68925135 | BS43: #VALUE! | BT43: 0 | BU43: 9.3309695e-05 | BV43: -0.065316786 | BW43: 0.14883179 | BX43: 199.98627 | BY43: -23.358527 | BZ43: -236.07396 | CA43: #VALUE! | CB43: 0.52875494 | CC43: 0 | CD43: 6.2206464e-05 | CE43: 0 | CF43: 11.665899 | CG43: 0.38605331 | CH43: 17.530802 | CI43: 0.015551616 | CJ43: 0.79099317 | CK43: #VALUE! | CL43: 0 | CM43: 2.1772262e-07 | CN43: 6.4694722 | CO43: -0.018661939 | CP43: 0 | CQ43: #VALUE! | CR43: 0 | CS43: 0.021772262 | CT43: -0.12441293 | CU43: -0.0011508196 | CV43: 0 | CW43: 0 | CX43: #VALUE! | CY43: -0.0031103232 | CZ43: 0 | DA43: 1.9934061 | DB43: 1.3339885 | DC43: 0 | DD43: 0 | DE43: 0.53937514 | DF43: #VALUE! | DG43: 0.10677155 | DH43: 0.63653308 | DI43: #VALUE! | DJ43: 0 | DK43: -3.2968392 | DL43: 0 | DM43: -299.3686 | DN43: 0 | DO43: 0 | DP43: #VALUE! | DQ43: 0 | DR43: 3.4459703 | DS43: -36.826226 | DT43: -9.020497 | DU43: -0.55985817 | DV43: 0 | DW43: -0.42648751 | DX43: 0.46164732 | DY43: -38.754627 | DZ43: 0.12171886 | EA43: -224.19209 | EB43: 11.817984 | EC43: 0.052875494 | ED43: 253.42913 | EE43: #VALUE! | EF43: 0 | EG43: 179.95397 | EH43: #VALUE! | EI43: #VALUE! | EJ43: #VALUE! | EK43: -8.3356661 | EL43: 3.1935632 | EM43: #VALUE! | EN43: 0.43544524 | EO43: #VALUE! | EP43: -241.85873 | EQ43: 12.557328 | ER43: 0 | ES43: -5.8152896 | ET43: -59.696485 | EU43: -1550.0816 | EV43: -0.093309695 | EW43: 1.5551616 | EX43: 2.31999 | EY43: -2.3327424 | EZ43: 11.383783 | FA43: #VALUE! | FB43: #VALUE! | FC43: 0.047992286 | FD43: -0.017001431 | FE43: -0.33519711 | FF43: #VALUE! | FG43: 13.756959 | FH43: -12.347983 | FI43: -278.01689 | FJ43: -5.3543902 | FK43: -56.187988 | FL43: #VALUE! | FM43: 52.875494 | FN43: 0 | FO43: #VALUE! | FP43: 0 | FQ43: 0 | FR43: -13.778732 | FS43: 4.6158332 | FT43: -2413.4195 | FU43: -2588.4021
A44: Q2 2010 | B44: #VALUE! | C44: -2.1577064 | D44: 0 | E44: 44.384312 | F44: -1.3592112 | G44: 0 | H44: 0.16795745 | I44: -127.49215 | J44: 0.0019999378 | K44: 0 | L44: 0 | M44: 0.21383472 | N44: 1.8661939e-05 | O44: 289.73201 | P44: 0 | Q44: #VALUE! | R44: -30.574477 | S44: #VALUE! | T44: #VALUE! | U44: #VALUE! | V44: -0.88450379 | W44: 1.3177293 | X44: -82.153299 | Y44: 0 | Z44: -0.023861933 | AA44: #VALUE! | AB44: -0.50576965 | AC44: 0 | AD44: 0 | AE44: -0.9316662 | AF44: -42.798047 | AG44: #VALUE! | AH44: -0.34605456 | AI44: #VALUE! | AJ44: -35.718951 | AK44: 0 | AL44: 0 | AM44: 659.07748 | AN44: -3.3373768 | AO44: 0 | AP44: #VALUE! | AQ44: -0.34606078 | AR44: -0.057371774 | AS44: #VALUE! | AT44: 0 | AU44: #VALUE! | AV44: -0.5505272 | AW44: -1.1716276 | AX44: -0.055674785 | AY44: 0.0092065566 | AZ44: -0.013819819 | BA44: -0.037977046 | BB44: -7.343473 | BC44: 0 | BD44: -2.6386522 | BE44: 0 | BF44: -6.374189 | BG44: -1659.2597 | BH44: -245.96436 | BI44: -3.1225023e-17 | BJ44: 0.093309695 | BK44: -589.21953 | BL44: -0.39928152 | BM44: 0 | BN44: -61.833224 | BO44: 0.031103232 | BP44: -20.248204 | BQ44: 0.19906068 | BR44: -0.68925135 | BS44: #VALUE! | BT44: 0 | BU44: 9.3309695e-05 | BV44: -0.065316786 | BW44: 0.14883179 | BX44: 199.98627 | BY44: -23.358527 | BZ44: -283.41887 | CA44: #VALUE! | CB44: 0.52875494 | CC44: 0 | CD44: 6.2206464e-05 | CE44: 0 | CF44: 11.665899 | CG44: 0.38605331 | CH44: 11.372515 | CI44: 0.015551616 | CJ44: 0.79099317 | CK44: #VALUE! | CL44: 0 | CM44: 0.00031125004 | CN44: 6.4694722 | CO44: -0.018661939 | CP44: 0 | CQ44: #VALUE! | CR44: 0 | CS44: 0.021772262 | CT44: -0.12441293 | CU44: -0.0011508196 | CV44: 0 | CW44: 0 | CX44: #VALUE! | CY44: -0.090199372 | CZ44: 0 | DA44: 1.9934061 | DB44: 1.0869906 | DC44: 0 | DD44: 0 | DE44: #VALUE! | DF44: #VALUE! | DG44: 0.10683158 | DH44: 0.63653308 | DI44: #VALUE! | DJ44: 0 | DK44: -3.2968392 | DL44: 0 | DM44: -299.3686 | DN44: 0 | DO44: 0 | DP44: #VALUE! | DQ44: 0 | DR44: 3.4459703 | DS44: -36.826226 | DT44: -9.020497 | DU44: -0.55985817 | DV44: 0 | DW44: -0.42648751 | DX44: 0.46164732 | DY44: -31.579733 | DZ44: 0.12171886 | EA44: -224.19209 | EB44: 11.817984 | EC44: 0.052875494 | ED44: 287.20724 | EE44: #VALUE! | EF44: 0 | EG44: 179.95397 | EH44: #VALUE! | EI44: #VALUE! | EJ44: #VALUE! | EK44: -8.3356661 | EL44: 3.1935632 | EM44: #VALUE! | EN44: 0.46654847 | EO44: #VALUE! | EP44: -241.85873 | EQ44: 9.2132798 | ER44: 0 | ES44: -5.7572477 | ET44: -59.696485 | EU44: -1550.0796 | EV44: -0.093309695 | EW44: 1.5551616 | EX44: 3.4599235 | EY44: -2.3327424 | EZ44: 11.383783 | FA44: #VALUE! | FB44: #VALUE! | FC44: 0.054181829 | FD44: -0.017001431 | FE44: -0.33519711 | FF44: #VALUE! | FG44: 13.850269 | FH44: -12.347983 | FI44: -278.01689 | FJ44: -5.3543902 | FK44: -56.187988 | FL44: #VALUE! | FM44: 52.875494 | FN44: 0 | FO44: #VALUE! | FP44: 0 | FQ44: 0 | FR44: -13.778732 | FS44: 4.6158332 | FT44: -2409.7409 | FU44: -2583.7921
A45: Q3 2010 | B45: #VALUE! | C45: -2.1577064 | D45: 0 | E45: 44.384312 | F45: -1.3592112 | G45: 0 | H45: 0.16795745 | I45: -127.49215 | J45: 0.0019999378 | K45: 0 | L45: 0 | M45: 10.218158 | N45: 1.8661939e-05 | O45: 300.54989 | P45: 0 | Q45: #VALUE! | R45: -30.60558 | S45: #VALUE! | T45: #VALUE! | U45: #VALUE! | V45: -0.88450379 | W45: 0.99530341 | X45: -82.153299 | Y45: 0 | Z45: -0.02075161 | AA45: #VALUE! | AB45: -0.50576965 | AC45: 0 | AD45: 0 | AE45: -0.9316662 | AF45: -42.798047 | AG45: #VALUE! | AH45: -0.34605456 | AI45: #VALUE! | AJ45: -35.718951 | AK45: 0 | AL45: 0 | AM45: 659.07748 | AN45: -3.3373768 | AO45: 0 | AP45: #VALUE! | AQ45: -0.34606078 | AR45: -0.057399512 | AS45: #VALUE! | AT45: 0 | AU45: #VALUE! | AV45: -0.5505272 | AW45: -1.1716898 | AX45: -0.055674785 | AY45: 0.0092065566 | AZ45: -0.013819819 | BA45: -0.037977046 | BB45: -7.343473 | BC45: 0 | BD45: -2.6386522 | BE45: 0 | BF45: -6.374189 | BG45: -1664.2925 | BH45: -245.96436 | BI45: -3.1225023e-17 | BJ45: 0.093309695 | BK45: -589.21953 | BL45: -0.39928152 | BM45: 0 | BN45: -66.809742 | BO45: 0.031103232 | BP45: -20.372617 | BQ45: 0.19906068 | BR45: -0.68925135 | BS45: #VALUE! | BT45: 0 | BU45: 9.3309695e-05 | BV45: -0.065316786 | BW45: 0.14883179 | BX45: 199.98627 | BY45: -23.358527 | BZ45: -351.07555 | CA45: #VALUE! | CB45: 0.52875494 | CC45: 0 | CD45: 6.2206464e-05 | CE45: 0 | CF45: 11.665899 | CG45: 0.38605331 | CH45: 11.278459 | CI45: 0.015551616 | CJ45: 0.80699304 | CK45: #VALUE! | CL45: 0 | CM45: 0.00031125004 | CN45: 6.4694722 | CO45: -0.018661939 | CP45: 0 | CQ45: #VALUE! | CR45: 0 | CS45: 0.021772262 | CT45: -0.12441293 | CU45: -0.0011508196 | CV45: 0 | CW45: 0 | CX45: #VALUE! | CY45: 0.0093309695 | CZ45: 0 | DA45: 1.9934372 | DB45: 0.83699278 | DC45: 0 | DD45: 0 | DE45: 0.53693758 | DF45: #VALUE! | DG45: 0.10683904 | DH45: 0.63653308 | DI45: #VALUE! | DJ45: 0 | DK45: -3.2968392 | DL45: -0.031103232 | DM45: -299.3686 | DN45: 0 | DO45: 0 | DP45: #VALUE! | DQ45: 0 | DR45: 3.4449703 | DS45: -36.826226 | DT45: -9.020497 | DU45: -0.55985817 | DV45: 0 | DW45: -0.42648751 | DX45: 0.46164732 | DY45: -27.535691 | DZ45: 0.12171886 | EA45: -224.19209 | EB45: 11.817984 | EC45: 0.052875494 | ED45: 333.39554 | EE45: #VALUE! | EF45: 0 | EG45: 179.95397 | EH45: #VALUE! | EI45: #VALUE! | EJ45: #VALUE! | EK45: -8.3356661 | EL45: 3.1935632 | EM45: #VALUE! | EN45: 0.46654847 | EO45: #VALUE! | EP45: -241.85873 | EQ45: 9.1015408 | ER45: 0 | ES45: -5.7073995 | ET45: -59.696485 | EU45: -1550.1006 | EV45: -0.093309695 | EW45: 1.5551616 | EX45: 2.5178066 | EY45: -2.3327424 | EZ45: 26.935399 | FA45: #VALUE! | FB45: #VALUE! | FC45: 0.054181829 | FD45: -0.017001431 | FE45: -0.33519711 | FF45: #VALUE! | FG45: 13.943579 | FH45: -12.347983 | FI45: -278.01689 | FJ45: -5.3543902 | FK45: -56.187988 | FL45: #VALUE! | FM45: 52.875494 | FN45: 0 | FO45: #VALUE! | FP45: 0 | FQ45: 0 | FR45: -13.778732 | FS45: 4.6158332 | FT45: -2394.6275 | FU45: -2569.6101
A46: Q4 2010 | B46: #VALUE! | C46: -2.1577326 | D46: 0 | E46: 44.384312 | F46: -1.3592112 | G46: 0 | H46: 0.16795745 | I46: -127.49215 | J46: 0.0019999378 | K46: 0 | L46: 0 | M46: 10.217256 | N46: 1.8661939e-05 | O46: 301.69193 | P46: 0 | Q46: #VALUE! | R46: -30.60558 | S46: #VALUE! | T46: #VALUE! | U46: #VALUE! | V46: 6.1152819 | W46: 0.99530341 | X46: -82.153299 | Y46: 0 | Z46: -0.017641286 | AA46: #VALUE! | AB46: -0.50576965 | AC46: 0 | AD46: 0 | AE46: -0.9316662 | AF46: -42.798047 | AG46: #VALUE! | AH46: -0.34605456 | AI46: #VALUE! | AJ46: -35.718951 | AK46: 0 | AL46: 0 | AM46: 659.07748 | AN46: -3.3373768 | AO46: 0 | AP46: #VALUE! | AQ46: -0.34606078 | AR46: -0.057439056 | AS46: #VALUE! | AT46: 0 | AU46: #VALUE! | AV46: -0.5505272 | AW46: -1.1725918 | AX46: -0.055674785 | AY46: 0.0092065566 | AZ46: -0.013819819 | BA46: -0.037977046 | BB46: -7.6545053 | BC46: 0 | BD46: -2.6386522 | BE46: 0 | BF46: -6.374189 | BG46: -1665.2937 | BH46: -245.96436 | BI46: -3.1225023e-17 | BJ46: 0.093309695 | BK46: -589.21953 | BL46: -0.39928152 | BM46: 0 | BN46: -67.649529 | BO46: 0.031103232 | BP46: -20.434823 | BQ46: 0.19906068 | BR46: -0.68925135 | BS46: #VALUE! | BT46: 0 | BU46: 0.017944481 | BV46: -0.065316786 | BW46: 0.14883179 | BX46: 199.98627 | BY46: -23.358527 | BZ46: -403.2762 | CA46: #VALUE! | CB46: 0.52875494 | CC46: 0 | CD46: 6.2206464e-05 | CE46: 0 | CF46: 11.665899 | CG46: 0.38605331 | CH46: 11.280793 | CI46: 0.015551616 | CJ46: 0.80699304 | CK46: #VALUE! | CL46: -0.062206463 | CM46: 2.1772262e-07 | CN46: 6.4694722 | CO46: -0.018661939 | CP46: 0 | CQ46: #VALUE! | CR46: 0 | CS46: 0.021772262 | CT46: -0.12441293 | CU46: -0.0011508196 | CV46: 0 | CW46: 0 | CX46: #VALUE! | CY46: -0.090199372 | CZ46: 0 | DA46: 1.9934372 | DB46: 0.26299773 | DC46: 0 | DD46: 0 | DE46: 1.6232288 | DF46: #VALUE! | DG46: 0.10683904 | DH46: 0.6361855 | DI46: #VALUE! | DJ46: 0 | DK46: -3.2968392 | DL46: #VALUE! | DM46: -299.3686 | DN46: 0 | DO46: 0 | DP46: #VALUE! | DQ46: 0 | DR46: 3.4449703 | DS46: -36.826226 | DT46: -9.020497 | DU46: -0.55985817 | DV46: 0 | DW46: -0.42648751 | DX46: 0.46164732 | DY46: -49.378246 | DZ46: 0.12173273 | EA46: -224.19209 | EB46: 11.817984 | EC46: 0.052875494 | ED46: 366.02283 | EE46: #VALUE! | EF46: 0 | EG46: 179.95397 | EH46: #VALUE! | EI46: #VALUE! | EJ46: #VALUE! | EK46: -8.3356661 | EL46: 3.1728528 | EM46: #VALUE! | EN46: 0.49765171 | EO46: #VALUE! | EP46: -241.85873 | EQ46: 2.6136479 | ER46: 0 | ES46: -5.6438328 | ET46: -59.696485 | EU46: -1550.1016 | EV46: -0.093309695 | EW46: 1.5551616 | EX46: 1.6777083 | EY46: -2.3327424 | EZ46: 26.935399 | FA46: #VALUE! | FB46: #VALUE! | FC46: 0.054181829 | FD46: -0.017001431 | FE46: -0.33519711 | FF46: #VALUE! | FG46: 14.130198 | FH46: -12.347983 | FI46: -278.01689 | FJ46: -5.3543902 | FK46: -56.189272 | FL46: #VALUE! | FM46: 54.741688 | FN46: 0 | FO46: #VALUE! | FP46: 0 | FQ46: 0 | FR46: -13.778732 | FS46: 4.6158332 | FT46: -2420.8555 | FU46: -2595.8381
A47: Q1 2011 | B47: #VALUE! | C47: -2.1577326 | D47: 0 | E47: 44.384312 | F47: -1.3592112 | G47: 0 | H47: 0.16795745 | I47: -127.49215 | J47: 0.0019999378 | K47: 0 | L47: 0 | M47: 10.217256 | N47: 1.8661939e-05 | O47: 327.65407 | P47: 0 | Q47: #VALUE! | R47: -30.60558 | S47: #VALUE! | T47: #VALUE! | U47: #VALUE! | V47: 6.1152819 | W47: 0.99530341 | X47: -82.153299 | Y47: 0 | Z47: -0.017641286 | AA47: #VALUE! | AB47: -0.50576965 | AC47: 0 | AD47: 0 | AE47: -0.9316662 | AF47: -42.798047 | AG47: #VALUE! | AH47: -0.34605456 | AI47: #VALUE! | AJ47: -35.718951 | AK47: 0 | AL47: 0 | AM47: 659.07748 | AN47: -3.3373768 | AO47: 0 | AP47: #VALUE! | AQ47: -0.34606078 | AR47: -0.057449461 | AS47: #VALUE! | AT47: 0 | AU47: #VALUE! | AV47: -0.5505272 | AW47: -1.2586856 | AX47: -0.055674785 | AY47: 0.0092065566 | AZ47: -0.013819819 | BA47: -0.037977046 | BB47: -7.6545053 | BC47: 0 | BD47: -2.6386522 | BE47: 0 | BF47: -6.374189 | BG47: -1664.5099 | BH47: -245.34229 | BI47: -3.1225023e-17 | BJ47: 0.093309695 | BK47: -589.21953 | BL47: -0.39928152 | BM47: 0 | BN47: -67.649529 | BO47: 0.031103232 | BP47: -20.559236 | BQ47: 0.19906068 | BR47: -0.68925135 | BS47: #VALUE! | BT47: 0 | BU47: 0.017944481 | BV47: -0.065316786 | BW47: 0.14883179 | BX47: 199.98627 | BY47: -23.358527 | BZ47: -403.2762 | CA47: #VALUE! | CB47: 0.52875494 | CC47: 0 | CD47: 6.2206464e-05 | CE47: 0 | CF47: 11.665899 | CG47: 0.38605331 | CH47: 11.283409 | CI47: 0.015551616 | CJ47: 0.80699304 | CK47: #VALUE! | CL47: 0 | CM47: 2.1772262e-07 | CN47: 6.4694722 | CO47: -0.018661939 | CP47: 0 | CQ47: #VALUE! | CR47: 0 | CS47: 0.021772262 | CT47: -0.12441293 | CU47: -0.0011508196 | CV47: 0 | CW47: 0 | CX47: #VALUE! | CY47: 0.0093309695 | CZ47: 0 | DA47: 1.9934372 | DB47: 93.410194 | DC47: 0 | DD47: 0 | DE47: 1.6232288 | DF47: #VALUE! | DG47: 0.10683873 | DH47: 0.6361855 | DI47: #VALUE! | DJ47: 0 | DK47: -3.2968392 | DL47: #VALUE! | DM47: -299.3686 | DN47: 0 | DO47: 0 | DP47: #VALUE! | DQ47: 0 | DR47: 3.4449703 | DS47: -36.826226 | DT47: -9.020497 | DU47: -0.55985817 | DV47: 0 | DW47: -0.42648751 | DX47: 0.46164732 | DY47: -49.800628 | DZ47: 0.12173273 | EA47: -224.2232 | EB47: 11.817984 | EC47: 0.049765171 | ED47: 388.51047 | EE47: #VALUE! | EF47: 0 | EG47: 179.95397 | EH47: #VALUE! | EI47: #VALUE! | EJ47: #VALUE! | EK47: -8.3356661 | EL47: 3.16246 | EM47: #VALUE! | EN47: 0.55985817 | EO47: #VALUE! | EP47: -241.85873 | EQ47: 3.6424931 | ER47: 0 | ES47: -5.5873378 | ET47: -59.696485 | EU47: -1550.1016 | EV47: -0.093309695 | EW47: 1.5551616 | EX47: 2.8275948 | EY47: -2.3327424 | EZ47: 36.266368 | FA47: #VALUE! | FB47: #VALUE! | FC47: 0.054181829 | FD47: -0.017001431 | FE47: -0.33519711 | FF47: #VALUE! | FG47: 14.254611 | FH47: -12.347983 | FI47: -278.01689 | FJ47: -5.3543902 | FK47: -56.193656 | FL47: #VALUE! | FM47: 54.741688 | FN47: 0 | FO47: #VALUE! | FP47: 0 | FQ47: 0 | FR47: -13.778732 | FS47: 4.6158332 | FT47: -2272.425 | FU47: -2447.4076
A48: Q2 2011 | B48: #VALUE! | C48: -2.1577325 | D48: 0 | E48: 44.384312 | F48: -1.3592112 | G48: 0 | H48: 0.16746726 | I48: -127.49215 | J48: 0.0019999378 | K48: 0 | L48: 0 | M48: 10.217256 | N48: 1.8661939e-05 | O48: 288.81476 | P48: 0 | Q48: #VALUE! | R48: -30.60558 | S48: #VALUE! | T48: #VALUE! | U48: #VALUE! | V48: 6.1145043 | W48: 1.9906068 | X48: -82.153299 | Y48: 0 | Z48: -0.017641286 | AA48: #VALUE! | AB48: -0.50576965 | AC48: 0 | AD48: 0 | AE48: -0.9316662 | AF48: -42.798047 | AG48: #VALUE! | AH48: -0.34605456 | AI48: #VALUE! | AJ48: -35.718951 | AK48: 0 | AL48: 0 | AM48: 659.07748 | AN48: -3.3373768 | AO48: 0 | AP48: #VALUE! | AQ48: -0.34606078 | AR48: -0.057470852 | AS48: #VALUE! | AT48: 0 | AU48: #VALUE! | AV48: -0.5505272 | AW48: -1.3054337 | AX48: -0.055674785 | AY48: 0.0092065566 | AZ48: -0.013819819 | BA48: -0.037977046 | BB48: -7.6545053 | BC48: 0 | BD48: -2.6386522 | BE48: 0 | BF48: -6.374189 | BG48: -1664.4785 | BH48: -245.34229 | BI48: -3.1225023e-17 | BJ48: 0.093309695 | BK48: -589.21953 | BL48: -0.39928152 | BM48: 0 | BN48: -67.649529 | BO48: 0.031103232 | BP48: -20.528133 | BQ48: 0.19906068 | BR48: -0.68925135 | BS48: #VALUE! | BT48: 0 | BU48: 0.017944481 | BV48: -0.065316786 | BW48: 0.14929551 | BX48: 199.98627 | BY48: -23.358527 | BZ48: -403.2762 | CA48: #VALUE! | CB48: 0.52875494 | CC48: 0 | CD48: 6.2206464e-05 | CE48: 0 | CF48: 11.665899 | CG48: 0.38605331 | CH48: 14.396649 | CI48: 0.015551616 | CJ48: 0.80699304 | CK48: #VALUE! | CL48: 1.5551616 | CM48: 2.1772262e-07 | CN48: 6.4694722 | CO48: -0.018661939 | CP48: 0 | CQ48: #VALUE! | CR48: 0 | CS48: 0.021772262 | CT48: -0.12441293 | CU48: -0.0011508196 | CV48: 0 | CW48: 0 | CX48: #VALUE! | CY48: 0.0093309695 | CZ48: 0 | DA48: 1.9934061 | DB48: 99.081145 | DC48: 0 | DD48: 0 | DE48: 1.6232288 | DF48: #VALUE! | DG48: 0.10683873 | DH48: 0.6361855 | DI48: #VALUE! | DJ48: 0 | DK48: -3.2968392 | DL48: #VALUE! | DM48: -299.3686 | DN48: 0 | DO48: 0 | DP48: #VALUE! | DQ48: 0 | DR48: 3.4449703 | DS48: -36.826226 | DT48: -9.020497 | DU48: -0.55985817 | DV48: 0 | DW48: -0.42648751 | DX48: 0.46164732 | DY48: -45.450219 | DZ48: 0.12173273 | EA48: -224.2232 | EB48: 11.817984 | EC48: 0.049765171 | ED48: 414.10843 | EE48: #VALUE! | EF48: 0 | EG48: 179.95397 | EH48: #VALUE! | EI48: #VALUE! | EJ48: #VALUE! | EK48: -8.3356661 | EL48: 3.16246 | EM48: #VALUE! | EN48: 0.55985817 | EO48: #VALUE! | EP48: -241.85873 | EQ48: 7.8786657 | ER48: 0 | ES48: -5.5095137 | ET48: -59.696485 | EU48: -1550.1066 | EV48: -0.093309695 | EW48: 1.5551616 | EX48: 2.9675593 | EY48: -2.3327424 | EZ48: 54.928307 | FA48: #VALUE! | FB48: #VALUE! | FC48: 0.055363752 | FD48: -0.017001431 | FE48: -0.33519711 | FF48: #VALUE! | FG48: 14.347921 | FH48: -12.347983 | FI48: -278.01689 | FJ48: -5.3543902 | FK48: -56.189369 | FL48: #VALUE! | FM48: 54.741688 | FN48: 0 | FO48: #VALUE! | FP48: 0 | FQ48: 0 | FR48: -13.757327 | FS48: 4.6158332 | FT48: -2245.0597 | FU48: -2420.0422
A49: Q3 2011 | B49: #VALUE! | C49: -2.1577325 | D49: 0 | E49: 51.381209 | F49: -1.3592112 | G49: 0 | H49: 0.16795745 | I49: -127.49215 | J49: 0.0019999378 | K49: 0 | L49: 0 | M49: 10.217256 | N49: 1.8661939e-05 | O49: 261.79333 | P49: 0 | Q49: #VALUE! | R49: -30.636683 | S49: #VALUE! | T49: #VALUE! | U49: #VALUE! | V49: 13.115061 | W49: 1.9906068 | X49: -82.153299 | Y49: 1.9525974 | Z49: -0.017641286 | AA49: #VALUE! | AB49: -0.50576965 | AC49: 0 | AD49: 0 | AE49: -0.9316662 | AF49: -42.798047 | AG49: #VALUE! | AH49: -0.34605456 | AI49: #VALUE! | AJ49: -35.718951 | AK49: 0 | AL49: 0 | AM49: 659.07748 | AN49: -1.0357376 | AO49: 0 | AP49: #VALUE! | AQ49: -0.34606078 | AR49: -0.057504388 | AS49: #VALUE! | AT49: 0 | AU49: #VALUE! | AV49: -0.5505272 | AW49: -1.420609 | AX49: -0.055674785 | AY49: 0.0092065566 | AZ49: -0.013819819 | BA49: -0.037977046 | BB49: -7.6545053 | BC49: 0 | BD49: -2.6386522 | BE49: 0 | BF49: -6.374189 | BG49: -1664.4471 | BH49: -245.34229 | BI49: -3.1225023e-17 | BJ49: 0.093309695 | BK49: -589.21953 | BL49: -0.39928152 | BM49: 0 | BN49: -67.649529 | BO49: 0.031103232 | BP49: -20.465926 | BQ49: 0.20217101 | BR49: -0.68925135 | BS49: #VALUE! | BT49: 0 | BU49: 0.017944481 | BV49: -0.065316786 | BW49: 0.14929551 | BX49: 199.98627 | BY49: -23.358527 | BZ49: -403.2762 | CA49: #VALUE! | CB49: 0.52875494 | CC49: 0 | CD49: 6.2206464e-05 | CE49: 0 | CF49: 11.665899 | CG49: 0.38605331 | CH49: 14.399885 | CI49: 0.015551616 | CJ49: 25.807777 | CK49: #VALUE! | CL49: 0 | CM49: 2.1772262e-07 | CN49: 6.4694722 | CO49: -0.018661939 | CP49: 0 | CQ49: #VALUE! | CR49: 0 | CS49: 0.021772262 | CT49: -0.12441293 | CU49: -0.0011508196 | CV49: 0 | CW49: 0 | CX49: #VALUE! | CY49: 0.0093309695 | CZ49: 0 | DA49: 1.9934061 | DB49: 98.584149 | DC49: 0 | DD49: 0 | DE49: 1.8986265 | DF49: #VALUE! | DG49: 0.10685024 | DH49: 0.6361855 | DI49: #VALUE! | DJ49: 0 | DK49: -3.2968392 | DL49: #VALUE! | DM49: -299.3686 | DN49: 0 | DO49: 0 | DP49: #VALUE! | DQ49: 0 | DR49: 3.4449703 | DS49: -36.826226 | DT49: -9.020497 | DU49: -0.5505272 | DV49: 0 | DW49: -0.42648751 | DX49: 0.46164732 | DY49: -60.782246 | DZ49: 0.12173273 | EA49: -224.2232 | EB49: 11.817984 | EC49: 0.049765171 | ED49: 428.94467 | EE49: #VALUE! | EF49: 0 | EG49: 179.95397 | EH49: #VALUE! | EI49: #VALUE! | EJ49: #VALUE! | EK49: -8.3356661 | EL49: 3.16246 | EM49: #VALUE! | EN49: 0.55985817 | EO49: #VALUE! | EP49: -241.85873 | EQ49: 3.4651171 | ER49: 0 | ES49: -5.485752 | ET49: -59.696485 | EU49: -1550.1066 | EV49: #VALUE! | EW49: 1.5551616 | EX49: 4.6729495 | EY49: -2.3327424 | EZ49: 79.810892 | FA49: #VALUE! | FB49: #VALUE! | FC49: 0.055363752 | FD49: -0.017001431 | FE49: -0.33519711 | FF49: #VALUE! | FG49: 14.472334 | FH49: -12.347983 | FI49: -278.01689 | FJ49: -5.3543902 | FK49: -56.191098 | FL49: #VALUE! | FM49: 61.895431 | FN49: 0 | FO49: #VALUE! | FP49: 0 | FQ49: 0 | FR49: -13.757327 | FS49: 4.6158332 | FT49: -2227.5778 | FU49: -2376.7447
A50: Q4 2011 | B50: #VALUE! | C50: -2.1577065 | D50: 0 | E50: 51.381209 | F50: -1.3592112 | G50: 0 | H50: 0.16746726 | I50: -127.49215 | J50: 0.0019999378 | K50: 0 | L50: 0 | M50: 10.220366 | N50: 1.8661939e-05 | O50: 286.40117 | P50: 0 | Q50: #VALUE! | R50: -30.636683 | S50: #VALUE! | T50: #VALUE! | U50: #VALUE! | V50: 13.115061 | W50: 1.9906068 | X50: -82.153299 | Y50: 1.968436 | Z50: -0.014530963 | AA50: #VALUE! | AB50: -0.50576965 | AC50: 0 | AD50: -0.00099530341 | AE50: -0.9316662 | AF50: -42.798047 | AG50: #VALUE! | AH50: -0.34605456 | AI50: #VALUE! | AJ50: -35.718951 | AK50: 0 | AL50: 0 | AM50: 659.07748 | AN50: 0.15551616 | AO50: 0 | AP50: #VALUE! | AQ50: -0.34606078 | AR50: -0.057489485 | AS50: #VALUE! | AT50: 0 | AU50: #VALUE! | AV50: -0.5505272 | AW50: -1.420609 | AX50: -0.055674785 | AY50: 0.0092065566 | AZ50: -0.013819819 | BA50: -0.037977046 | BB50: -7.6545053 | BC50: 0 | BD50: -2.6386522 | BE50: 0 | BF50: -6.374189 | BG50: -1668.9073 | BH50: -245.3143 | BI50: -3.1225023e-17 | BJ50: 0.093309695 | BK50: -589.21953 | BL50: -0.39928152 | BM50: 0 | BN50: -72.315014 | BO50: 0.031103232 | BP50: -20.40372 | BQ50: 0.19284004 | BR50: -0.68925135 | BS50: #VALUE! | BT50: 0 | BU50: 0.017944481 | BV50: -0.065316786 | BW50: 0.14929551 | BX50: 199.98627 | BY50: -23.358527 | BZ50: -403.2762 | CA50: #VALUE! | CB50: 0.52875494 | CC50: 0 | CD50: 6.2206464e-05 | CE50: 0 | CF50: 11.665899 | CG50: 0.38605331 | CH50: 25.960352 | CI50: 0.015551616 | CJ50: 40.807648 | CK50: #VALUE! | CL50: 0 | CM50: 0.024811266 | CN50: 6.4694722 | CO50: -0.018661939 | CP50: 0 | CQ50: #VALUE! | CR50: -27.184224 | CS50: 0.021772262 | CT50: -0.12441293 | CU50: -0.0011508196 | CV50: 0 | CW50: 0 | CX50: #VALUE! | CY50: 0.12441293 | CZ50: 0 | DA50: 1.9934061 | DB50: 99.196144 | DC50: 0 | DD50: 0.0070699543 | DE50: 3.1154695 | DF50: #VALUE! | DG50: 0.10685042 | DH50: 0.79137212 | DI50: #VALUE! | DJ50: 0 | DK50: -3.2968392 | DL50: #VALUE! | DM50: -299.3686 | DN50: 0 | DO50: 0 | DP50: #VALUE! | DQ50: 0 | DR50: 3.4827394 | DS50: -36.826226 | DT50: -9.020497 | DU50: -0.5505272 | DV50: 0 | DW50: -0.42648751 | DX50: 0.46164732 | DY50: -44.336724 | DZ50: 0.12173273 | EA50: -224.2232 | EB50: 11.817984 | EC50: 0.049765171 | ED50: 460.35893 | EE50: #VALUE! | EF50: 0 | EG50: 179.95397 | EH50: #VALUE! | EI50: #VALUE! | EJ50: #VALUE! | EK50: -8.3356661 | EL50: 3.16246 | EM50: #VALUE! | EN50: 0.5909614 | EO50: #VALUE! | EP50: -241.85873 | EQ50: 1.8472457 | ER50: 0 | ES50: -5.4106074 | ET50: -59.696485 | EU50: -1550.1066 | EV50: #VALUE! | EW50: 0.31103232 | EX50: 4.5967466 | EY50: -2.3327424 | EZ50: 79.810892 | FA50: #VALUE! | FB50: #VALUE! | FC50: 0.055363752 | FD50: -0.026553855 | FE50: -0.34238056 | FF50: #VALUE! | FG50: 14.62785 | FH50: -12.347983 | FI50: -278.01689 | FJ50: -5.3543902 | FK50: -56.189719 | FL50: #VALUE! | FM50: 54.741688 | FN50: 0 | FO50: #VALUE! | FP50: 0 | FQ50: 0 | FR50: -13.757327 | FS50: 4.6158332 | FT50: -2159.8371 | FU50: -2229.7674
A51: Q1 2012 | B51: #VALUE! | C51: -2.1577065 | D51: 0 | E51: 51.381209 | F51: -1.3592112 | G51: 0 | H51: 0.16795745 | I51: -127.49215 | J51: 0.0019999378 | K51: 0 | L51: 0 | M51: 10.220366 | N51: 1.8661939e-05 | O51: 272.40975 | P51: 0 | Q51: #VALUE! | R51: -30.636683 | S51: #VALUE! | T51: #VALUE! | U51: #VALUE! | V51: 13.115061 | W51: 1.9906068 | X51: -82.153299 | Y51: 2.0240577 | Z51: -0.0051999938 | AA51: #VALUE! | AB51: -0.50576965 | AC51: 0 | AD51: 0 | AE51: -0.9316662 | AF51: -42.798047 | AG51: #VALUE! | AH51: -0.34605456 | AI51: #VALUE! | AJ51: -35.718951 | AK51: 0 | AL51: 0 | AM51: 659.07748 | AN51: 0.15551616 | AO51: 0 | AP51: #VALUE! | AQ51: -0.34606078 | AR51: -0.057517049 | AS51: #VALUE! | AT51: 0 | AU51: #VALUE! | AV51: -0.5505272 | AW51: -1.6059843 | AX51: -0.05494249 | AY51: 0.0092065566 | AZ51: -0.013819819 | BA51: -0.037977046 | BB51: -7.6545053 | BC51: 0 | BD51: -2.6386522 | BE51: 0 | BF51: -6.374189 | BG51: -1668.8731 | BH51: -245.34229 | BI51: 0 | BJ51: 0.093309695 | BK51: -589.21953 | BL51: -0.39928152 | BM51: 0 | BN51: -72.315014 | BO51: 0.031103232 | BP51: -20.341513 | BQ51: 0.19284004 | BR51: -0.68925135 | BS51: #VALUE! | BT51: 0 | BU51: 0.017944481 | BV51: -0.065316786 | BW51: 0.14929551 | BX51: 199.98627 | BY51: -23.358527 | BZ51: -403.2762 | CA51: #VALUE! | CB51: 0.52875494 | CC51: 0 | CD51: 6.2206464e-05 | CE51: 0 | CF51: 11.665899 | CG51: 0.69708563 | CH51: 40.122484 | CI51: 0.015551616 | CJ51: 40.807648 | CK51: #VALUE! | CL51: 0 | CM51: 2.6966502e-05 | CN51: 6.4694722 | CO51: -0.018661939 | CP51: 0 | CQ51: #VALUE! | CR51: -27.184224 | CS51: 0.021772262 | CT51: -0.12441293 | CU51: 0.0011763242 | CV51: 0 | CW51: 0 | CX51: #VALUE! | CY51: 0.12441293 | CZ51: 0 | DA51: 1.9934061 | DB51: 115.783 | DC51: 0 | DD51: 0.0070699543 | DE51: 3.141135 | DF51: #VALUE! | DG51: 0.10685042 | DH51: 1.5689529 | DI51: #VALUE! | DJ51: 0 | DK51: -2.9858069 | DL51: #VALUE! | DM51: -299.3686 | DN51: 0 | DO51: 0 | DP51: #VALUE! | DQ51: 0 | DR51: 3.447858 | DS51: -36.826226 | DT51: -9.0199372 | DU51: -0.5505272 | DV51: 0 | DW51: -0.42648751 | DX51: 0.46164732 | DY51: -9.2367267 | DZ51: 0.12173273 | EA51: -224.2232 | EB51: 11.817984 | EC51: 0.049765171 | ED51: 473.14236 | EE51: #VALUE! | EF51: 0 | EG51: 179.95397 | EH51: #VALUE! | EI51: #VALUE! | EJ51: #VALUE! | EK51: -8.3356661 | EL51: 3.16246 | EM51: #VALUE! | EN51: 0.62206463 | EO51: #VALUE! | EP51: -241.85873 | EQ51: -2.2752283 | ER51: 2.8037386 | ES51: -5.4106574 | ET51: -59.696485 | EU51: -1550.1066 | EV51: #VALUE! | EW51: 0.31103232 | EX51: 4.8328201 | EY51: -2.3327424 | EZ51: 79.810892 | FA51: #VALUE! | FB51: #VALUE! | FC51: 0.055363752 | FD51: -0.026553855 | FE51: -0.32904115 | FF51: #VALUE! | FG51: 15.809773 | FH51: -12.347983 | FI51: -278.01689 | FJ51: -5.3543902 | FK51: -56.195449 | FL51: #VALUE! | FM51: 54.741688 | FN51: 0 | FO51: #VALUE! | FP51: 0 | FQ51: 0 | FR51: -13.757327 | FS51: 4.6158332 | FT51: -2087.9701 | FU51: -2146.4474
A52: Q2 2012 | B52: #VALUE! | C52: -2.1577065 | D52: 0 | E52: 51.381209 | F52: -1.3592112 | G52: 0 | H52: 0.16746726 | I52: -127.49215 | J52: 0.0019999378 | K52: 0 | L52: 0 | M52: 10.220366 | N52: 1.8661939e-05 | O52: 280.61409 | P52: 0 | Q52: #VALUE! | R52: -30.636683 | S52: #VALUE! | T52: #VALUE! | U52: #VALUE! | V52: 13.115061 | W52: 1.9906068 | X52: -82.153299 | Y52: 2.0778257 | Z52: 0.0010206525 | AA52: #VALUE! | AB52: -0.50576965 | AC52: 0 | AD52: 0 | AE52: -0.9316662 | AF52: -42.798047 | AG52: #VALUE! | AH52: -0.34605456 | AI52: #VALUE! | AJ52: -35.718951 | AK52: 0 | AL52: 0 | AM52: 659.07748 | AN52: 0.15551616 | AO52: 0 | AP52: #VALUE! | AQ52: -0.34606078 | AR52: -0.057499752 | AS52: #VALUE! | AT52: 0 | AU52: #VALUE! | AV52: -0.5505272 | AW52: -1.6128892 | AX52: -0.055674785 | AY52: 0.0092065566 | AZ52: -0.013819819 | BA52: -0.037977046 | BB52: -7.6545053 | BC52: 0 | BD52: -2.6386522 | BE52: 0 | BF52: -6.374189 | BG52: -1669.5577 | BH52: -245.34229 | BI52: 0 | BJ52: 0.093309695 | BK52: -589.21953 | BL52: -0.39928152 | BM52: 0 | BN52: -73.061491 | BO52: 0.031103232 | BP52: -20.279307 | BQ52: 0.37012846 | BR52: -0.68925125 | BS52: #VALUE! | BT52: 0 | BU52: 0.017944481 | BV52: -0.065316786 | BW52: 0.14929551 | BX52: 199.98627 | BY52: -23.358527 | BZ52: -403.2762 | CA52: #VALUE! | CB52: 0.52875494 | CC52: 0 | CD52: 6.2206464e-05 | CE52: 0 | CF52: 11.665899 | CG52: 1.0194084 | CH52: 45.513906 | CI52: 0.015551616 | CJ52: 40.807648 | CK52: #VALUE! | CL52: 0 | CM52: 0.19924752 | CN52: 6.4694722 | CO52: -0.018661939 | CP52: 0 | CQ52: #VALUE! | CR52: -27.184224 | CS52: 0.021772262 | CT52: -0.12441293 | CU52: 0.0011763242 | CV52: 0 | CW52: 0 | CX52: #VALUE! | CY52: 0.12441293 | CZ52: 0 | DA52: 1.9934061 | DB52: 118.53998 | DC52: 0 | DD52: 0.074132888 | DE52: 3.141135 | DF52: #VALUE! | DG52: 0.10685042 | DH52: 1.5689529 | DI52: #VALUE! | DJ52: 0 | DK52: -2.985807 | DL52: #VALUE! | DM52: -299.3686 | DN52: 0 | DO52: 0 | DP52: #VALUE! | DQ52: 0 | DR52: 3.4479702 | DS52: -36.826226 | DT52: -9.0199372 | DU52: -0.51942397 | DV52: 0 | DW52: -0.42648751 | DX52: 0.46164732 | DY52: -9.0224254 | DZ52: 0.12173273 | EA52: -224.2232 | EB52: 11.817984 | EC52: 0.049765171 | ED52: 495.44338 | EE52: #VALUE! | EF52: 0 | EG52: 179.95397 | EH52: #VALUE! | EI52: #VALUE! | EJ52: #VALUE! | EK52: -8.3356661 | EL52: 3.16246 | EM52: #VALUE! | EN52: 0.62206463 | EO52: #VALUE! | EP52: -241.85873 | EQ52: 0.12188149 | ER52: 6.847252 | ES52: -5.3330493 | ET52: -59.696485 | EU52: -1550.1066 | EV52: #VALUE! | EW52: 0.62206463 | EX52: 4.9339056 | EY52: -2.3327424 | EZ52: 79.810892 | FA52: #VALUE! | FB52: #VALUE! | FC52: 0.055748188 | FD52: -0.026553855 | FE52: -0.33416266 | FF52: #VALUE! | FG52: 19.417748 | FH52: -12.347983 | FI52: -278.01689 | FJ52: -5.3543902 | FK52: -56.19551 | FL52: #VALUE! | FM52: 54.741688 | FN52: 0 | FO52: #VALUE! | FP52: 0 | FQ52: 0 | FR52: -13.757327 | FS52: 4.6158332 | FT52: -2038.1576 | FU52: -2066.0517
A53: Q3 2012 | B53: #VALUE! | C53: -2.1577063 | D53: 0 | E53: 51.381209 | F53: -1.3592112 | G53: 0 | H53: 0.16746726 | I53: -127.49215 | J53: 0.0019999378 | K53: 0 | L53: 0 | M53: 10.220366 | N53: 1.8661939e-05 | O53: 310.78525 | P53: 0 | Q53: #VALUE! | R53: -30.636683 | S53: #VALUE! | T53: #VALUE! | U53: #VALUE! | V53: 13.115061 | W53: 1.9906068 | X53: -80.411518 | Y53: 2.8332102 | Z53: 0.010351622 | AA53: #VALUE! | AB53: -0.50576965 | AC53: 0 | AD53: 0 | AE53: -0.9316662 | AF53: -42.798047 | AG53: #VALUE! | AH53: -0.34605456 | AI53: #VALUE! | AJ53: -35.718951 | AK53: 0 | AL53: 0 | AM53: 659.07748 | AN53: 0.15551616 | AO53: 0 | AP53: #VALUE! | AQ53: -0.34606078 | AR53: -0.057543318 | AS53: #VALUE! | AT53: 0 | AU53: #VALUE! | AV53: -0.5505272 | AW53: -2.2939845 | AX53: -0.055674785 | AY53: 0.0092065566 | AZ53: -0.013819819 | BA53: -0.037977046 | BB53: -7.6545053 | BC53: 0 | BD53: -2.6386522 | BE53: 0 | BF53: -6.374189 | BG53: -1669.4958 | BH53: -245.34229 | BI53: 0 | BJ53: 0.093309695 | BK53: -589.21953 | BL53: -0.39928152 | BM53: 0 | BN53: -73.061491 | BO53: 0.031103232 | BP53: -20.217101 | BQ53: 0.19284004 | BR53: -0.68925125 | BS53: #VALUE! | BT53: 0 | BU53: 0.017944481 | BV53: -0.065316786 | BW53: 0.14929551 | BX53: 199.98627 | BY53: -23.358527 | BZ53: -403.2762 | CA53: #VALUE! | CB53: 0.52875494 | CC53: 0 | CD53: 6.2206464e-05 | CE53: 0 | CF53: 11.665899 | CG53: 0.86389226 | CH53: 47.964138 | CI53: 0.015551616 | CJ53: 56.80751 | CK53: #VALUE! | CL53: 0 | CM53: 0.35849607 | CN53: 6.4694722 | CO53: -0.018661939 | CP53: 0 | CQ53: #VALUE! | CR53: -27.184224 | CS53: 0.021772262 | CT53: -0.12441293 | CU53: 0.0011763242 | CV53: 0 | CW53: 0 | CX53: #VALUE! | CY53: 0.12441293 | CZ53: 0 | DA53: 1.9934061 | DB53: 118.18198 | DC53: 0 | DD53: 0.074132888 | DE53: 3.2476635 | DF53: #VALUE! | DG53: 0.10685042 | DH53: 1.5689529 | DI53: #VALUE! | DJ53: 0 | DK53: -2.6747747 | DL53: #VALUE! | DM53: -299.3686 | DN53: 0 | DO53: 0 | DP53: #VALUE! | DQ53: 0 | DR53: 3.447858 | DS53: -36.826226 | DT53: -9.0199372 | DU53: -0.51942397 | DV53: 0 | DW53: 7.1068707 | DX53: 0.46164732 | DY53: -8.8858822 | DZ53: 0.12173273 | EA53: -224.2232 | EB53: 11.817984 | EC53: 0.049765171 | ED53: 511.92809 | EE53: #VALUE! | EF53: 0 | EG53: 179.95397 | EH53: #VALUE! | EI53: #VALUE! | EJ53: #VALUE! | EK53: -8.3356661 | EL53: 3.16246 | EM53: #VALUE! | EN53: 0.65316786 | EO53: #VALUE! | EP53: -241.85873 | EQ53: -4.5034451 | ER53: 10.890672 | ES53: -5.3019961 | ET53: -59.696485 | EU53: -1550.1066 | EV53: #VALUE! | EW53: 1.5551616 | EX53: 4.5967466 | EY53: -2.3327424 | EZ53: 79.810892 | FA53: #VALUE! | FB53: #VALUE! | FC53: 0.055748188 | FD53: -0.026553855 | FE53: -0.33252652 | FF53: #VALUE! | FG53: 21.75049 | FH53: -12.347983 | FI53: -278.01689 | FJ53: -5.3535504 | FK53: -56.195546 | FL53: #VALUE! | FM53: 52.875494 | FN53: 0 | FO53: #VALUE! | FP53: 0 | FQ53: 0 | FR53: -13.757327 | FS53: 4.6158332 | FT53: -1940.4497 | FU53: -1914.2612
A54: Q4 2012 | B54: #VALUE! | C54: -2.1577063 | D54: 0 | E54: 51.381209 | F54: -1.3592112 | G54: 0 | H54: 0.16746726 | I54: -127.49215 | J54: 0.0019999378 | K54: 0 | L54: 0 | M54: 10.220366 | N54: 1.8661939e-05 | O54: 321.27306 | P54: 0 | Q54: #VALUE! | R54: -30.636683 | S54: #VALUE! | T54: #VALUE! | U54: #VALUE! | V54: 13.115061 | W54: 1.9906068 | X54: -48.561809 | Y54: 3.0627329 | Z54: 0.016572268 | AA54: #VALUE! | AB54: -0.50576965 | AC54: 0 | AD54: 0 | AE54: -0.9316662 | AF54: -42.798047 | AG54: #VALUE! | AH54: -0.34605456 | AI54: #VALUE! | AJ54: -35.718951 | AK54: 0 | AL54: 0 | AM54: 659.07748 | AN54: 0.15551616 | AO54: 0 | AP54: #VALUE! | AQ54: -0.34606078 | AR54: -0.057519946 | AS54: #VALUE! | AT54: 0 | AU54: #VALUE! | AV54: -0.5505272 | AW54: -2.2941433 | AX54: -0.055674785 | AY54: 0.0092065566 | AZ54: -0.013819819 | BA54: -0.04282915 | BB54: -7.6545053 | BC54: 0 | BD54: -2.6386522 | BE54: 0 | BF54: -6.374189 | BG54: -1673.663 | BH54: -245.34229 | BI54: 0 | BJ54: 0.093309695 | BK54: -589.25063 | BL54: -0.39928152 | BM54: 0 | BN54: -77.260427 | BO54: 0.031103232 | BP54: -20.154894 | BQ54: 0.19284004 | BR54: -0.68925135 | BS54: #VALUE! | BT54: 0 | BU54: 0.017944481 | BV54: -0.065316786 | BW54: 0.14929551 | BX54: 199.98627 | BY54: -22.42543 | BZ54: -403.2762 | CA54: #VALUE! | CB54: 0.52875494 | CC54: 0 | CD54: 6.2206464e-05 | CE54: 0 | CF54: 11.665899 | CG54: 1.4859569 | CH54: 59.251085 | CI54: 0.015551616 | CJ54: 70.807389 | CK54: #VALUE! | CL54: 0 | CM54: 0.47224705 | CN54: 6.4694722 | CO54: -0.018661939 | CP54: 0 | CQ54: #VALUE! | CR54: -27.184224 | CS54: 0.021772262 | CT54: -0.12441293 | CU54: 0.0011763242 | CV54: 0 | CW54: 0 | CX54: #VALUE! | CY54: 0.12441293 | CZ54: 0 | DA54: 2.1246618 | DB54: 117.73598 | DC54: 0 | DD54: 0.074132888 | DE54: 3.2693969 | DF54: #VALUE! | DG54: 0.10685046 | DH54: 1.8799852 | DI54: #VALUE! | DJ54: 0 | DK54: -2.6747747 | DL54: #VALUE! | DM54: -299.3686 | DN54: 0 | DO54: 0 | DP54: #VALUE! | DQ54: 0 | DR54: 3.447858 | DS54: -36.826226 | DT54: -9.0199372 | DU54: -0.51942397 | DV54: 0 | DW54: 7.1068707 | DX54: 0.46164732 | DY54: -10.760474 | DZ54: 0.12173273 | EA54: -224.2232 | EB54: 11.817984 | EC54: 0.049765171 | ED54: 535.1622 | EE54: #VALUE! | EF54: 0 | EG54: 179.95397 | EH54: #VALUE! | EI54: #VALUE! | EJ54: #VALUE! | EK54: -8.3356661 | EL54: 3.16246 | EM54: #VALUE! | EN54: 0.6842711 | EO54: #VALUE! | EP54: -241.85873 | EQ54: 5.4896269 | ER54: 14.934092 | ES54: -5.3019961 | ET54: -59.696485 | EU54: -1550.1066 | EV54: #VALUE! | EW54: 1.5551616 | EX54: 6.1519082 | EY54: -2.3327424 | EZ54: 79.810892 | FA54: #VALUE! | FB54: #VALUE! | FC54: 0.055748188 | FD54: -0.0263324 | FE54: -0.40031319 | FF54: #VALUE! | FG54: 22.061522 | FH54: -12.347983 | FI54: -278.01689 | FJ54: -5.3535428 | FK54: -56.195353 | FL54: #VALUE! | FM54: 54.741688 | FN54: 0 | FO54: #VALUE! | FP54: 0 | FQ54: 0 | FR54: -13.757327 | FS54: 4.6158332 | FT54: -1834.1181 | FU54: -1754.6194
A55: Q1 2013 | B55: #VALUE! | C55: -2.1577063 | D55: 0 | E55: 51.381209 | F55: -1.3592112 | G55: 0 | H55: 0.16746726 | I55: -127.49215 | J55: 3.00767 | K55: 0 | L55: 0 | M55: 10.220366 | N55: 1.8661939e-05 | O55: 320.74908 | P55: 0 | Q55: #VALUE! | R55: -30.667786 | S55: #VALUE! | T55: #VALUE! | U55: #VALUE! | V55: 13.115061 | W55: 2.9859102 | X55: -48.561809 | Y55: 3.6881434 | Z55: 0.032123884 | AA55: #VALUE! | AB55: -0.50576965 | AC55: 0 | AD55: 0 | AE55: -0.9316662 | AF55: -42.984666 | AG55: #VALUE! | AH55: -0.34605456 | AI55: #VALUE! | AJ55: -35.718951 | AK55: 0 | AL55: 0 | AM55: 659.07748 | AN55: 0.15551616 | AO55: 0 | AP55: #VALUE! | AQ55: -0.34606078 | AR55: -0.057499506 | AS55: #VALUE! | AT55: 0 | AU55: #VALUE! | AV55: -0.5505272 | AW55: -2.4981805 | AX55: -0.055674785 | AY55: 0.0092065566 | AZ55: -0.013819819 | BA55: -0.04282915 | BB55: -7.6545053 | BC55: 0 | BD55: -2.6386522 | BE55: 0 | BF55: -6.374189 | BG55: -1673.57 | BH55: -245.34229 | BI55: 0 | BJ55: 0.093309695 | BK55: -589.21953 | BL55: -0.39928152 | BM55: 0 | BN55: -77.260427 | BO55: 0.031103232 | BP55: -20.061584 | BQ55: 0.19284004 | BR55: -0.68925135 | BS55: #VALUE! | BT55: 1.7703173 | BU55: 0.017944481 | BV55: -0.065316786 | BW55: 0.14929551 | BX55: 199.98627 | BY55: -20.559236 | BZ55: -403.2762 | CA55: #VALUE! | CB55: 0.52875494 | CC55: 0 | CD55: 6.2206464e-05 | CE55: 0 | CF55: 11.665899 | CG55: 1.79814 | CH55: 66.848121 | CI55: 0.015551616 | CJ55: 90.807216 | CK55: #VALUE! | CL55: 0 | CM55: 0.58299297 | CN55: 6.4694722 | CO55: -0.018661939 | CP55: 0 | CQ55: #VALUE! | CR55: -27.184224 | CS55: 0.021772262 | CT55: -0.12441293 | CU55: 0.0011763242 | CV55: 0 | CW55: 0 | CX55: #VALUE! | CY55: 0.12441293 | CZ55: 0 | DA55: 1.9934061 | DB55: 117.43899 | DC55: 0 | DD55: 0.074132888 | DE55: 5.4140988 | DF55: #VALUE! | DG55: 0.10685046 | DH55: 2.0355014 | DI55: #VALUE! | DJ55: 0 | DK55: -2.05271 | DL55: #VALUE! | DM55: -299.3686 | DN55: 0 | DO55: 0 | DP55: #VALUE! | DQ55: 0 | DR55: 3.447858 | DS55: -36.826226 | DT55: -9.0199372 | DU55: -0.51942397 | DV55: 0 | DW55: 7.1068707 | DX55: 0.46164732 | DY55: -10.793754 | DZ55: 0.12173273 | EA55: -224.2232 | EB55: 11.817984 | EC55: 0.049765171 | ED55: 559.01838 | EE55: #VALUE! | EF55: 0 | EG55: 179.95397 | EH55: #VALUE! | EI55: #VALUE! | EJ55: #VALUE! | EK55: -8.3356661 | EL55: 3.16246 | EM55: #VALUE! | EN55: 0.6842711 | EO55: #VALUE! | EP55: -241.85873 | EQ55: 8.5156549 | ER55: 18.355448 | ES55: -5.2554414 | ET55: -59.696485 | EU55: -1550.1066 | EV55: #VALUE! | EW55: 1.5551616 | EX55: 6.3770956 | EY55: -2.3327424 | EZ55: 79.810892 | FA55: #VALUE! | FB55: #VALUE! | FC55: 0.055748188 | FD55: -0.0263324 | FE55: -0.35242561 | FF55: #VALUE! | FG55: 22.683587 | FH55: -12.347983 | FI55: -278.01689 | FJ55: -5.3535504 | FK55: -56.195683 | FL55: #VALUE! | FM55: 54.741688 | FN55: 0 | FO55: #VALUE! | FP55: 0 | FQ55: 0 | FR55: -13.76618 | FS55: 4.6158332 | FT55: -1583.1424 | FU55: -1500.4998
A56: Q2 2013 | B56: #VALUE! | C56: -2.1577063 | D56: 0 | E56: 51.381209 | F56: -1.3592112 | G56: 0 | H56: 0.16746726 | I56: -127.49215 | J56: 8.0139568 | K56: 0 | L56: 0 | M56: 10.220366 | N56: 1.8661939e-05 | O56: 328.47307 | P56: 0 | Q56: #VALUE! | R56: -30.667786 | S56: #VALUE! | T56: #VALUE! | U56: #VALUE! | V56: 13.115061 | W56: 2.9859102 | X56: -48.561809 | Y56: 4.8606885 | Z56: 0.0476755 | AA56: #VALUE! | AB56: -0.50576965 | AC56: 0 | AD56: 0 | AE56: -0.9316662 | AF56: -43.015769 | AG56: #VALUE! | AH56: -0.34605456 | AI56: #VALUE! | AJ56: -35.718951 | AK56: 0 | AL56: 0 | AM56: 659.07748 | AN56: 0.15551616 | AO56: 0 | AP56: #VALUE! | AQ56: -0.34606078 | AR56: -0.057349728 | AS56: #VALUE! | AT56: 0 | AU56: #VALUE! | AV56: -0.5505272 | AW56: -2.8327579 | AX56: -0.05494249 | AY56: 0.0092065566 | AZ56: -0.013819819 | BA56: -0.037977046 | BB56: -7.6545053 | BC56: 0 | BD56: -2.6386522 | BE56: 0 | BF56: -6.374189 | BG56: -1674.3168 | BH56: -245.34229 | BI56: 0 | BJ56: 0.093309695 | BK56: -589.25063 | BL56: -0.39928152 | BM56: 0 | BN56: -78.038008 | BO56: 0.031103232 | BP56: -19.999378 | BQ56: -0.034213555 | BR56: -0.68925135 | BS56: #VALUE! | BT56: 1.7703173 | BU56: 0.017944481 | BV56: -0.065316786 | BW56: 0.14929551 | BX56: 199.98627 | BY56: -18.38201 | BZ56: -403.2762 | CA56: #VALUE! | CB56: 0.52875494 | CC56: 0 | CD56: 6.2206464e-05 | CE56: 0 | CF56: 11.665899 | CG56: 2.2646885 | CH56: 74.871925 | CI56: 0.015551616 | CJ56: 90.807216 | CK56: #VALUE! | CL56: 0 | CM56: 0.71344614 | CN56: 6.4694722 | CO56: -0.018661939 | CP56: 0 | CQ56: #VALUE! | CR56: -27.184224 | CS56: 0.021772262 | CT56: -0.12441293 | CU56: -6.2206463e-08 | CV56: 0 | CW56: 0 | CX56: #VALUE! | CY56: 0.12441293 | CZ56: 0 | DA56: 1.9934061 | DB56: 117.09999 | DC56: 0 | DD56: 0.074132888 | DE56: 3.7520948 | DF56: #VALUE! | DG56: 0.10685046 | DH56: 2.5020499 | DI56: #VALUE! | DJ56: 0 | DK56: -1.1196131 | DL56: #VALUE! | DM56: -299.3686 | DN56: 0 | DO56: 0 | DP56: #VALUE! | DQ56: 0 | DR56: 3.447858 | DS56: -36.826226 | DT56: -9.0199372 | DU56: -0.51942397 | DV56: 0 | DW56: 7.1068707 | DX56: 0.46164732 | DY56: -10.788983 | DZ56: 0.12173273 | EA56: -224.2232 | EB56: 11.817984 | EC56: 0.049765171 | ED56: 573.82352 | EE56: #VALUE! | EF56: 0 | EG56: 179.95397 | EH56: #VALUE! | EI56: #VALUE! | EJ56: #VALUE! | EK56: -8.3356661 | EL56: 3.16246 | EM56: #VALUE! | EN56: 0.6842711 | EO56: #VALUE! | EP56: -241.85873 | EQ56: 11.999913 | ER56: 22.398868 | ES56: -6.5234203 | ET56: -59.696485 | EU56: -1550.1156 | EV56: #VALUE! | EW56: 1.5551616 | EX56: 6.7671301 | EY56: -2.3327424 | EZ56: 79.810892 | FA56: #VALUE! | FB56: #VALUE! | FC56: 0.056410594 | FD56: -0.0263324 | FE56: -0.3471726 | FF56: #VALUE! | FG56: 25.482878 | FH56: -12.347983 | FI56: -278.01689 | FJ56: -5.3535428 | FK56: -56.195696 | FL56: #VALUE! | FM56: 56.607882 | FN56: 0 | FO56: #VALUE! | FP56: 0 | FQ56: 0 | FR56: -13.76618 | FS56: 4.6158332 | FT56: -1504.9513 | FU56: -1393.7322
A57: Q3 2013 | B57: #VALUE! | C57: -2.1577063 | D57: 0 | E57: 51.381209 | F57: -1.3592112 | G57: 0 | H57: 0.16746726 | I57: -127.49215 | J57: 14.023747 | K57: 0 | L57: 0 | M57: 10.219201 | N57: 1.8661939e-05 | O57: 228.23548 | P57: 0 | Q57: #VALUE! | R57: -30.667786 | S57: #VALUE! | T57: #VALUE! | U57: #VALUE! | V57: 13.115061 | W57: 2.9859102 | X57: -48.561809 | Y57: 5.3171877 | Z57: 0.063227116 | AA57: #VALUE! | AB57: -0.50576965 | AC57: 0 | AD57: 0 | AE57: -0.9316662 | AF57: -43.140182 | AG57: #VALUE! | AH57: -0.34605456 | AI57: #VALUE! | AJ57: -35.718951 | AK57: 0 | AL57: 0 | AM57: 659.07748 | AN57: 0.15551616 | AO57: 0 | AP57: #VALUE! | AQ57: -0.34606078 | AR57: -0.057407711 | AS57: #VALUE! | AT57: 0 | AU57: #VALUE! | AV57: -0.5505272 | AW57: -3.0233896 | AX57: -0.05494249 | AY57: 0.0092065566 | AZ57: -0.013819819 | BA57: -0.037977046 | BB57: -7.6545053 | BC57: 0 | BD57: -2.6386522 | BE57: 0 | BF57: -6.374189 | BG57: -1674.2543 | BH57: -245.34229 | BI57: 0 | BJ57: 0.093309695 | BK57: -589.25063 | BL57: -0.39928152 | BM57: 0 | BN57: -78.038008 | BO57: 0.031103232 | BP57: -19.937171 | BQ57: 0.19284004 | BR57: -0.68925135 | BS57: #VALUE! | BT57: 1.7703173 | BU57: 0.017944481 | BV57: -0.065316786 | BW57: 0.14929551 | BX57: 199.98627 | BY57: -18.38201 | BZ57: -403.2762 | CA57: #VALUE! | CB57: 0.52875494 | CC57: 0 | CD57: 6.2206464e-05 | CE57: 0 | CF57: 11.665899 | CG57: 2.2522472 | CH57: 81.006604 | CI57: 0.015551616 | CJ57: 90.807216 | CK57: #VALUE! | CL57: 0 | CM57: 0.86753155 | CN57: 6.4694722 | CO57: -0.018661939 | CP57: 0 | CQ57: #VALUE! | CR57: -27.184224 | CS57: 0.021772262 | CT57: -0.12441293 | CU57: -6.2206463e-08 | CV57: 0 | CW57: 0 | CX57: #VALUE! | CY57: 0.12441293 | CZ57: 0 | DA57: 1.9691456 | DB57: 116.72399 | DC57: 0 | DD57: 0.074132888 | DE57: 2.291395 | DF57: #VALUE! | DG57: 0.10685979 | DH57: 2.657566 | DI57: #VALUE! | DJ57: 0 | DK57: -1.1196131 | DL57: #VALUE! | DM57: -299.3686 | DN57: 0 | DO57: 0 | DP57: #VALUE! | DQ57: 0 | DR57: 3.447858 | DS57: -36.826226 | DT57: -9.0199372 | DU57: -0.51631364 | DV57: 0 | DW57: 7.1068707 | DX57: 0.46164732 | DY57: -10.441984 | DZ57: 0.12173273 | EA57: -224.2232 | EB57: 11.817984 | EC57: 0.049765171 | ED57: 592.51656 | EE57: #VALUE! | EF57: 0 | EG57: 179.95397 | EH57: #VALUE! | EI57: #VALUE! | EJ57: #VALUE! | EK57: -8.3356661 | EL57: 3.16246 | EM57: #VALUE! | EN57: 0.6842711 | EO57: #VALUE! | EP57: -241.85873 | EQ57: 14.736997 | ER57: 26.442288 | ES57: -6.5732642 | ET57: -59.696485 | EU57: -1550.1156 | EV57: #VALUE! | EW57: 1.5551616 | EX57: 6.8439551 | EY57: -2.3327424 | EZ57: 79.810892 | FA57: #VALUE! | FB57: #VALUE! | FC57: 0.056410594 | FD57: -0.0263324 | FE57: -0.32974648 | FF57: #VALUE! | FG57: 28.282169 | FH57: -12.347983 | FI57: -278.01689 | FJ57: -5.3535428 | FK57: -56.195735 | FL57: #VALUE! | FM57: 56.607882 | FN57: 0 | FO57: #VALUE! | FP57: 0 | FQ57: 0 | FR57: -13.76618 | FS57: 4.6158332 | FT57: -1568.0872 | FU57: -1412.1704
A58: Q4 2013 | B58: #VALUE! | C58: -2.1577063 | D58: 0 | E58: 51.381209 | F58: -1.3592112 | G58: 0 | H58: 0.16746726 | I58: -127.49215 | J58: 20.015394 | K58: 0 | L58: 0 | M58: 10.219201 | N58: 1.8661939e-05 | O58: 148.51256 | P58: 0 | Q58: #VALUE! | R58: -30.667786 | S58: #VALUE! | T58: #VALUE! | U58: #VALUE! | V58: 13.290732 | W58: 2.9859102 | X58: -48.561809 | Y58: 4.5643061 | Z58: 0.078778732 | AA58: #VALUE! | AB58: -0.50576965 | AC58: 0 | AD58: 0 | AE58: -0.9316662 | AF58: -43.202389 | AG58: #VALUE! | AH58: -0.34605456 | AI58: #VALUE! | AJ58: -35.718951 | AK58: 0 | AL58: 0 | AM58: 659.07748 | AN58: 0.15551616 | AO58: 0 | AP58: #VALUE! | AQ58: -0.34606078 | AR58: -0.057353743 | AS58: #VALUE! | AT58: 0 | AU58: #VALUE! | AV58: -0.5505272 | AW58: -3.0252247 | AX58: -0.055674785 | AY58: 0.0092065566 | AZ58: -0.013819819 | BA58: -0.037977046 | BB58: -7.6545053 | BC58: 0 | BD58: -2.6386522 | BE58: 0 | BF58: -6.374189 | BG58: -1677.6134 | BH58: -245.34229 | BI58: 0 | BJ58: 0.093309695 | BK58: -589.25063 | BL58: -0.39928152 | BM58: 0 | BN58: -81.459364 | BO58: 0.031103232 | BP58: -19.874965 | BQ58: 0.19284004 | BR58: -0.68925135 | BS58: #VALUE! | BT58: 1.7703173 | BU58: 0.017944481 | BV58: -0.065316786 | BW58: 0.14929551 | BX58: 199.98627 | BY58: -18.38201 | BZ58: -403.2762 | CA58: #VALUE! | CB58: 0.52875494 | CC58: 0 | CD58: 6.2206464e-05 | CE58: 0 | CF58: 11.665899 | CG58: 3.1853442 | CH58: 87.667385 | CI58: 0.018661939 | CJ58: 90.807216 | CK58: #VALUE! | CL58: 0 | CM58: 1.0254738 | CN58: 6.4561422 | CO58: -0.018661939 | CP58: 0 | CQ58: #VALUE! | CR58: -27.184224 | CS58: 0.021772262 | CT58: -0.12441293 | CU58: -6.2206463e-08 | CV58: 0 | CW58: 0 | CX58: #VALUE! | CY58: 0.12441293 | CZ58: 0 | DA58: 1.9691456 | DB58: 116.315 | DC58: 0 | DD58: 0.074132888 | DE58: 3.5342503 | DF58: #VALUE! | DG58: 0.10688255 | DH58: 3.7461791 | DI58: #VALUE! | DJ58: 0 | DK58: -1.1196131 | DL58: #VALUE! | DM58: -299.3686 | DN58: 0 | DO58: 0 | DP58: #VALUE! | DQ58: 0 | DR58: 3.4481912 | DS58: -36.826226 | DT58: -9.0199372 | DU58: -0.51554381 | DV58: 0 | DW58: 7.1068707 | DX58: 0.46164732 | DY58: -9.9694436 | DZ58: 0.12173273 | EA58: -224.2232 | EB58: 11.817984 | EC58: 0.049763428 | ED58: 612.60925 | EE58: #VALUE! | EF58: 0 | EG58: 179.95397 | EH58: #VALUE! | EI58: #VALUE! | EJ58: #VALUE! | EK58: -8.3356661 | EL58: 3.16246 | EM58: #VALUE! | EN58: 0.6842711 | EO58: #VALUE! | EP58: -241.85873 | EQ58: 14.813924 | ER58: 30.174676 | ES58: -6.5732642 | ET58: -59.696485 | EU58: -1550.1156 | EV58: #VALUE! | EW58: 1.5551616 | EX58: 5.110883 | EY58: -2.3327424 | EZ58: 79.810892 | FA58: #VALUE! | FB58: #VALUE! | FC58: 0.056410594 | FD58: 0.014101801 | FE58: -0.33350478 | FF58: #VALUE! | FG58: 28.904233 | FH58: -12.347983 | FI58: -278.01689 | FJ58: -5.3535428 | FK58: -56.19589 | FL58: #VALUE! | FM58: 56.607882 | FN58: 0 | FO58: #VALUE! | FP58: 0 | FQ58: 0 | FR58: -13.76618 | FS58: 4.6158332 | FT58: -1588.7336 | FU58: -1407.0586
A59: Q1 2014 | B59: #VALUE! | C59: -2.1577063 | D59: 0 | E59: 51.381209 | F59: -1.3592112 | G59: 0 | H59: 0.16746726 | I59: -127.49215 | J59: 20.015394 | K59: 0 | L59: 0 | M59: 10.219201 | N59: 1.8661939e-05 | O59: 148.06645 | P59: 0 | Q59: #VALUE! | R59: -30.667786 | S59: #VALUE! | T59: #VALUE! | U59: #VALUE! | V59: 13.290732 | W59: 2.9859102 | X59: -48.561809 | Y59: 4.2418333 | Z59: 0.094330347 | AA59: #VALUE! | AB59: -0.50576965 | AC59: 0 | AD59: 0 | AE59: -0.9316662 | AF59: -43.202389 | AG59: #VALUE! | AH59: -0.34605456 | AI59: #VALUE! | AJ59: -35.718951 | AK59: 0 | AL59: 0 | AM59: 659.07748 | AN59: 0.15551616 | AO59: 0 | AP59: #VALUE! | AQ59: -0.34606078 | AR59: -0.057393894 | AS59: #VALUE! | AT59: 0 | AU59: #VALUE! | AV59: -0.51942397 | AW59: -3.154552 | AX59: -0.055674785 | AY59: 0.0092065566 | AZ59: -0.013819819 | BA59: -0.037977046 | BB59: -7.6545053 | BC59: 0 | BD59: -2.6386522 | BE59: 0 | BF59: -6.374189 | BG59: -1670.5626 | BH59: -244.22257 | BI59: 0 | BJ59: 0.093309695 | BK59: -589.25063 | BL59: -0.39928152 | BM59: 0 | BN59: -82.236944 | BO59: 0.031103232 | BP59: -19.812759 | BQ59: 0.19284004 | BR59: -0.68925135 | BS59: #VALUE! | BT59: 1.7703173 | BU59: 0.018931324 | BV59: -0.065316786 | BW59: 0.14929551 | BX59: 199.98627 | BY59: -18.38201 | BZ59: -403.2762 | CA59: #VALUE! | CB59: 0.52875494 | CC59: 0 | CD59: 6.2206464e-05 | CE59: 0 | CF59: 11.665899 | CG59: 3.8074088 | CH59: 92.652869 | CI59: 0.018661939 | CJ59: 90.807216 | CK59: #VALUE! | CL59: 0 | CM59: 1.116233 | CN59: 6.4561422 | CO59: -1.1290473 | CP59: 0 | CQ59: #VALUE! | CR59: -27.184224 | CS59: 0.021772262 | CT59: -0.12441293 | CU59: -6.2206463e-08 | CV59: -0.93309695 | CW59: 0 | CX59: #VALUE! | CY59: 0.20839165 | CZ59: 0 | DA59: 1.9934061 | DB59: 115.954 | DC59: 0 | DD59: 0.074132888 | DE59: 2.0847594 | DF59: #VALUE! | DG59: 0.10690685 | DH59: 2.9685983 | DI59: #VALUE! | DJ59: 0 | DK59: -1.1196131 | DL59: #VALUE! | DM59: -299.3686 | DN59: 0 | DO59: 0 | DP59: #VALUE! | DQ59: 0 | DR59: 3.4436164 | DS59: -36.826226 | DT59: -9.0199372 | DU59: -0.51554381 | DV59: 0 | DW59: 7.1068707 | DX59: 0.46164732 | DY59: -9.5225837 | DZ59: 0.12173061 | EA59: -224.19209 | EB59: 11.817984 | EC59: 0.049765171 | ED59: 618.11452 | EE59: #VALUE! | EF59: 0 | EG59: 179.95397 | EH59: #VALUE! | EI59: #VALUE! | EJ59: #VALUE! | EK59: -8.4289758 | EL59: 3.16246 | EM59: #VALUE! | EN59: 0.71537433 | EO59: #VALUE! | EP59: -241.88983 | EQ59: 13.399582 | ER59: 30.174676 | ES59: -6.2777835 | ET59: -59.696485 | EU59: -1550.1156 | EV59: #VALUE! | EW59: 1.5551616 | EX59: 5.5929831 | EY59: -2.3327424 | EZ59: 79.810892 | FA59: #VALUE! | FB59: #VALUE! | FC59: 0.056410594 | FD59: 0.014101801 | FE59: -0.33578986 | FF59: #VALUE! | FG59: 29.215265 | FH59: -12.347983 | FI59: -278.01689 | FJ59: -5.3535428 | FK59: -56.197319 | FL59: #VALUE! | FM59: 54.679481 | FN59: 0 | FO59: #VALUE! | FP59: 0 | FQ59: 0 | FR59: -13.76618 | FS59: 4.6158332 | FT59: -1540.7024 | FU59: -1395.2167
A60: Q2 2014 | B60: #VALUE! | C60: -2.1577061 | D60: 0 | E60: 51.381209 | F60: -1.3592112 | G60: 0 | H60: 0.16746726 | I60: -127.49215 | J60: 20.015394 | K60: 0 | L60: 0 | M60: 10.244511 | N60: 1.8661939e-05 | O60: 80.116129 | P60: 0 | Q60: #VALUE! | R60: -30.667786 | S60: #VALUE! | T60: #VALUE! | U60: #VALUE! | V60: 13.290732 | W60: 2.9859102 | X60: -48.561809 | Y60: 4.2036024 | Z60: 0.11921293 | AA60: #VALUE! | AB60: -0.50576965 | AC60: 0 | AD60: 0 | AE60: -0.9316662 | AF60: -43.202389 | AG60: #VALUE! | AH60: -0.34605456 | AI60: #VALUE! | AJ60: -35.718951 | AK60: 0 | AL60: 0 | AM60: 659.07748 | AN60: 0.15551616 | AO60: 0 | AP60: #VALUE! | AQ60: -0.34606078 | AR60: -0.057403593 | AS60: #VALUE! | AT60: 0 | AU60: #VALUE! | AV60: -0.51942397 | AW60: -3.1592796 | AX60: -0.055674785 | AY60: 0.0092065566 | AZ60: -14.193203 | BA60: -0.037977046 | BB60: -7.6545053 | BC60: 0 | BD60: -2.6386522 | BE60: 0 | BF60: -6.374189 | BG60: -1672.7927 | BH60: -244.22257 | BI60: 0.0062206463 | BJ60: 0.093309695 | BK60: -589.25063 | BL60: -0.39928152 | BM60: 0 | BN60: -84.414171 | BO60: 0.031103232 | BP60: -19.719449 | BQ60: 0.19284004 | BR60: -0.68925135 | BS60: #VALUE! | BT60: 1.7703173 | BU60: 0.019346552 | BV60: -0.065316786 | BW60: 0.14929551 | BX60: 199.98627 | BY60: -18.38201 | BZ60: -403.2762 | CA60: #VALUE! | CB60: 0.52875494 | CC60: 0 | CD60: 0 | CE60: 0 | CF60: 11.665899 | CG60: 4.4294734 | CH60: 99.735479 | CI60: 0.018661939 | CJ60: 90.807216 | CK60: #VALUE! | CL60: 0 | CM60: 1.2314493 | CN60: 6.4561422 | CO60: -1.1290473 | CP60: 0 | CQ60: #VALUE! | CR60: -27.184224 | CS60: 0.021772262 | CT60: -0.093309695 | CU60: -6.2206463e-08 | CV60: -0.93309695 | CW60: 0 | CX60: #VALUE! | CY60: 0.031103232 | CZ60: 0 | DA60: 1.9934061 | DB60: 116.54699 | DC60: 0 | DD60: 0.074132888 | DE60: 2.122037 | DF60: #VALUE! | DG60: 0.11745747 | DH60: 2.657566 | DI60: #VALUE! | DJ60: 0 | DK60: -0.80858076 | DL60: #VALUE! | DM60: -299.3686 | DN60: 0 | DO60: 0 | DP60: #VALUE! | DQ60: 0 | DR60: 3.443622 | DS60: -36.826226 | DT60: -9.0199372 | DU60: -0.51554381 | DV60: 0 | DW60: 7.1068707 | DX60: 0.46164732 | DY60: -9.0756612 | DZ60: 0.12215175 | EA60: -224.19209 | EB60: 11.817984 | EC60: 0.049765171 | ED60: 672.12945 | EE60: #VALUE! | EF60: 0 | EG60: 179.95397 | EH60: #VALUE! | EI60: #VALUE! | EJ60: #VALUE! | EK60: -8.4289758 | EL60: 3.16246 | EM60: #VALUE! | EN60: 0.71537433 | EO60: #VALUE! | EP60: -241.88983 | EQ60: 14.094913 | ER60: 30.174676 | ES60: -6.2777835 | ET60: -59.696485 | EU60: -1550.1886 | EV60: #VALUE! | EW60: 1.5551616 | EX60: 8.2202731 | EY60: -2.3327424 | EZ60: 79.810892 | FA60: #VALUE! | FB60: #VALUE! | FC60: 0.057501166 | FD60: 0.014101801 | FE60: -0.33697646 | FF60: #VALUE! | FG60: 26.727007 | FH60: -12.347983 | FI60: -278.01689 | FJ60: -5.3535428 | FK60: -56.196233 | FL60: #VALUE! | FM60: 54.679481 | FN60: 0 | FO60: #VALUE! | FP60: 0 | FQ60: 0 | FR60: -13.76618 | FS60: 4.6158332 | FT60: -1526.2646 | FU60: -1351.3867
A61: Q3 2014 | B61: #VALUE! | C61: -2.1577061 | D61: 0 | E61: 51.381209 | F61: -1.3592112 | G61: 0 | H61: 0.16746726 | I61: -127.49215 | J61: 27.007598 | K61: 0 | L61: 0 | M61: 10.488235 | N61: 1.8661939e-05 | O61: 201.52057 | P61: 0 | Q61: #VALUE! | R61: -30.667786 | S61: #VALUE! | T61: #VALUE! | U61: #VALUE! | V61: 13.290732 | W61: 2.9859102 | X61: -48.561809 | Y61: 4.4497227 | Z61: 0.1285439 | AA61: #VALUE! | AB61: -0.50576965 | AC61: 0 | AD61: 0 | AE61: -0.9316662 | AF61: -43.202389 | AG61: #VALUE! | AH61: -0.34605456 | AI61: #VALUE! | AJ61: -35.718951 | AK61: 0 | AL61: 0 | AM61: 659.07748 | AN61: 0.15551616 | AO61: 0 | AP61: #VALUE! | AQ61: -0.34606078 | AR61: -0.057357884 | AS61: #VALUE! | AT61: 0 | AU61: #VALUE! | AV61: -0.51942397 | AW61: -3.287145 | AX61: -0.055674785 | AY61: 0.0092065566 | AZ61: -14.504236 | BA61: -0.037977046 | BB61: -7.6545053 | BC61: 0 | BD61: -2.6386522 | BE61: 0 | BF61: -6.374189 | BG61: -1672.7305 | BH61: -244.22257 | BI61: 0.0062206463 | BJ61: 0.093309695 | BK61: -589.25072 | BL61: -0.39928152 | BM61: 0 | BN61: -84.414171 | BO61: 0.031103232 | BP61: -19.657242 | BQ61: 0.19284004 | BR61: -0.68925135 | BS61: #VALUE! | BT61: 1.7703173 | BU61: 0.019346552 | BV61: -0.065316786 | BW61: 0.14929551 | BX61: 199.98757 | BY61: -18.38201 | BZ61: -403.2762 | CA61: #VALUE! | CB61: 0.52875494 | CC61: 0 | CD61: 0 | CE61: 0 | CF61: 11.665899 | CG61: 7.5397966 | CH61: 127.98403 | CI61: 0.018661939 | CJ61: 90.807216 | CK61: #VALUE! | CL61: 0 | CM61: 1.3008178 | CN61: 6.4561422 | CO61: -1.1290473 | CP61: 0 | CQ61: #VALUE! | CR61: -27.184224 | CS61: 0.021772262 | CT61: -0.093309695 | CU61: -6.2206463e-08 | CV61: -0.93309695 | CW61: 0 | CX61: #VALUE! | CY61: 0.031103232 | CZ61: 0 | DA61: 3.9840129 | DB61: 116.324 | DC61: 0 | DD61: 0.074132888 | DE61: 3.8900669 | DF61: #VALUE! | DG61: 0.11745722 | DH61: 4.6792761 | DI61: #VALUE! | DJ61: 0 | DK61: -0.18651613 | DL61: #VALUE! | DM61: -299.3686 | DN61: 0 | DO61: 0 | DP61: #VALUE! | DQ61: 0 | DR61: 3.4477602 | DS61: -36.826226 | DT61: -9.0191596 | DU61: -0.48064919 | DV61: 0 | DW61: 7.1068707 | DX61: 0.46164732 | DY61: -8.6275177 | DZ61: 0.11948978 | EA61: -224.19209 | EB61: 11.817984 | EC61: 0.049765171 | ED61: 727.17652 | EE61: #VALUE! | EF61: 0 | EG61: 179.95397 | EH61: #VALUE! | EI61: #VALUE! | EJ61: #VALUE! | EK61: -8.4289758 | EL61: 3.16246 | EM61: #VALUE! | EN61: 0.74647756 | EO61: #VALUE! | EP61: -241.88983 | EQ61: 14.96502 | ER61: 30.174676 | ES61: -6.2777835 | ET61: -59.696485 | EU61: -1550.1886 | EV61: #VALUE! | EW61: 1.5551616 | EX61: 9.5400454 | EY61: -2.3327424 | EZ61: 79.810892 | FA61: #VALUE! | FB61: #VALUE! | FC61: 0.057501166 | FD61: 0.014101801 | FE61: -0.35642156 | FF61: #VALUE! | FG61: 27.038039 | FH61: -12.347983 | FI61: -278.01689 | FJ61: -5.3535433 | FK61: -56.1963 | FL61: #VALUE! | FM61: 49.982893 | FN61: 0 | FO61: #VALUE! | FP61: #VALUE! | FQ61: 0 | FR61: -13.76618 | FS61: 4.6158332 | FT61: -1298.4073 | FU61: -1111.1244
A62: Q4 2014 | B62: #VALUE! | C62: -2.1577061 | D62: 0 | E62: 51.381209 | F62: -1.3592112 | G62: 0 | H62: 0.16746726 | I62: -127.49215 | J62: 30.170982 | K62: 0 | L62: 0 | M62: 10.488235 | N62: 1.8661939e-05 | O62: 67.707212 | P62: 0 | Q62: #VALUE! | R62: -30.667786 | S62: #VALUE! | T62: #VALUE! | U62: #VALUE! | V62: 13.290732 | W62: 2.9859102 | X62: -48.561809 | Y62: 4.5802284 | Z62: 0.15653681 | AA62: #VALUE! | AB62: -0.50576965 | AC62: 0 | AD62: 0 | AE62: -0.9316662 | AF62: -43.202389 | AG62: #VALUE! | AH62: -0.34605456 | AI62: #VALUE! | AJ62: -35.718951 | AK62: 0 | AL62: 0 | AM62: 659.07748 | AN62: 0.15551616 | AO62: 0 | AP62: #VALUE! | AQ62: -0.34606078 | AR62: -0.057343341 | AS62: #VALUE! | AT62: 0 | AU62: #VALUE! | AV62: -0.51942397 | AW62: -3.2873628 | AX62: -0.055674785 | AY62: 0.0092065566 | AZ62: -14.504236 | BA62: -0.037977046 | BB62: -7.8100215 | BC62: 0 | BD62: -2.6386522 | BE62: 0 | BF62: -6.374189 | BG62: -1672.8238 | BH62: -244.22257 | BI62: 0.0062206463 | BJ62: 0.093309695 | BK62: -589.25072 | BL62: -0.39928152 | BM62: 0 | BN62: -84.414171 | BO62: 0.031103232 | BP62: -19.595036 | BQ62: 0.19284004 | BR62: -0.68925135 | BS62: #VALUE! | BT62: 1.7703173 | BU62: 0.019346552 | BV62: -0.065316786 | BW62: 0.14929551 | BX62: 199.98757 | BY62: -18.38201 | BZ62: -403.2762 | CA62: #VALUE! | CB62: 0.52875494 | CC62: 0 | CD62: 0 | CE62: 0 | CF62: 11.665899 | CG62: 6.917732 | CH62: 135.74961 | CI62: 0.018661939 | CJ62: 90.814216 | CK62: #VALUE! | CL62: 0 | CM62: 1.3538228 | CN62: 6.4561422 | CO62: -1.1290473 | CP62: 0 | CQ62: #VALUE! | CR62: -27.184224 | CS62: 0.021772262 | CT62: -0.12441293 | CU62: -6.2206463e-08 | CV62: -0.62206463 | CW62: 0 | CX62: #VALUE! | CY62: -0.090199372 | CZ62: 0 | DA62: 5.9777301 | DB62: 115.925 | DC62: 0 | DD62: 0.074132888 | DE62: 2.4818547 | DF62: #VALUE! | DG62: 0.12559544 | DH62: 3.7461791 | DI62: #VALUE! | DJ62: 0 | DK62: 0.12451619 | DL62: #VALUE! | DM62: -299.3686 | DN62: 0 | DO62: 0 | DP62: #VALUE! | DQ62: 0 | DR62: 3.4579305 | DS62: -36.826226 | DT62: -9.0191596 | DU62: -0.48064919 | DV62: 0 | DW62: 7.1068707 | DX62: 0.46164732 | DY62: -8.1809871 | DZ62: 0.1304737 | EA62: -224.19209 | EB62: 11.817984 | EC62: 0.049765171 | ED62: 785.58854 | EE62: #VALUE! | EF62: 0 | EG62: 179.95397 | EH62: #VALUE! | EI62: #VALUE! | EJ62: #VALUE! | EK62: -8.4289758 | EL62: 3.16246 | EM62: #VALUE! | EN62: 0.77758079 | EO62: #VALUE! | EP62: -241.88983 | EQ62: 14.950391 | ER62: 30.174676 | ES62: -6.2777835 | ET62: -59.696485 | EU62: -1550.1887 | EV62: #VALUE! | EW62: 1.5551616 | EX62: 8.5762807 | EY62: -2.3327424 | EZ62: 79.810892 | FA62: #VALUE! | FB62: #VALUE! | FC62: 0.057501166 | FD62: 0.014101801 | FE62: -0.32671284 | FF62: #VALUE! | FG62: 10.242294 | FH62: -12.347983 | FI62: -278.01689 | FJ62: -5.3535433 | FK62: -56.196498 | FL62: #VALUE! | FM62: 49.989425 | FN62: 0 | FO62: #VALUE! | FP62: #VALUE! | FQ62: 0 | FR62: -13.76618 | FS62: 4.6158332 | FT62: -1365.3645 | FU62: -1172.7699
A63: Q1 2015 | B63: #VALUE! | C63: -2.1452648 | D63: 0 | E63: 51.381209 | F63: -1.3592112 | G63: 0 | H63: 0.16746726 | I63: -127.49215 | J63: 30.170982 | K63: 0 | L63: 0 | M63: 10.488235 | N63: 1.8661939e-05 | O63: -43.700634 | P63: 0 | Q63: #VALUE! | R63: -30.667786 | S63: #VALUE! | T63: #VALUE! | U63: #VALUE! | V63: 13.290732 | W63: 2.9859102 | X63: -48.561809 | Y63: 4.1837466 | Z63: 0.18452972 | AA63: #VALUE! | AB63: -0.50580075 | AC63: 0 | AD63: -8.7384547e-05 | AE63: -0.9316662 | AF63: -43.202389 | AG63: #VALUE! | AH63: -0.34605456 | AI63: -0.34604833 | AJ63: -35.718951 | AK63: 0 | AL63: 0 | AM63: 659.07748 | AN63: 0.15551616 | AO63: 0 | AP63: #VALUE! | AQ63: -0.34606078 | AR63: -0.057353882 | AS63: #VALUE! | AT63: 0 | AU63: #VALUE! | AV63: -0.51942397 | AW63: -3.4251812 | AX63: -0.055674785 | AY63: 0.0092065566 | AZ63: -14.504236 | BA63: -0.037977046 | BB63: -13.221797 | BC63: 0 | BD63: -2.6386522 | BE63: 0 | BF63: -6.374189 | BG63: -1666.1055 | BH63: -242.63631 | BI63: 0.0062206463 | BJ63: 0.093309695 | BK63: -589.21962 | BL63: -0.39928152 | BM63: 0 | BN63: -85.191751 | BO63: 0.031103232 | BP63: -19.532829 | BQ63: 0.19284004 | BR63: -0.68925135 | BS63: #VALUE! | BT63: 1.7703173 | BU63: 0.019609095 | BV63: -0.065316786 | BW63: 0.14929551 | BX63: 199.98757 | BY63: -18.38201 | BZ63: -403.2762 | CA63: #VALUE! | CB63: 0.52875494 | CC63: 0 | CD63: 0 | CE63: 0 | CF63: 11.665899 | CG63: 20.914186 | CH63: 142.36691 | CI63: 0.018661939 | CJ63: 90.814216 | CK63: #VALUE! | CL63: -3.1103227e-08 | CM63: 1.4041107 | CN63: -2.0753504 | CO63: -1.1290473 | CP63: 0 | CQ63: #VALUE! | CR63: -27.184224 | CS63: 0.021772262 | CT63: -0.12441293 | CU63: -6.2206463e-08 | CV63: 0.62206463 | CW63: 0 | CX63: #VALUE! | CY63: -0.093309695 | CZ63: 0 | DA63: 6.9702342 | DB63: 115.64 | DC63: 0 | DD63: 0.074132888 | DE63: 1.4444773 | DF63: #VALUE! | DG63: 0.12793543 | DH63: 4.2127276 | DI63: #VALUE! | DJ63: 0 | DK63: 0.12451619 | DL63: #VALUE! | DM63: -299.3686 | DN63: 0 | DO63: 0 | DP63: #VALUE! | DQ63: 0 | DR63: 3.4546343 | DS63: -36.826226 | DT63: -9.0191596 | DU63: -0.48064919 | DV63: 0 | DW63: 7.1068707 | DX63: 0.46164732 | DY63: -8.1809871 | DZ63: 0.12626848 | EA63: -224.19209 | EB63: 11.817984 | EC63: 0.051728512 | ED63: 815.65426 | EE63: #VALUE! | EF63: 0 | EG63: 179.95397 | EH63: #VALUE! | EI63: #VALUE! | EJ63: #VALUE! | EK63: -8.4289758 | EL63: 3.16246 | EM63: #VALUE! | EN63: 0.77758079 | EO63: #VALUE! | EP63: -241.88983 | EQ63: 14.132497 | ER63: 30.174676 | ES63: -6.2777835 | ET63: -59.696485 | EU63: -1550.1887 | EV63: #VALUE! | EW63: 1.5551616 | EX63: 8.8434885 | EY63: #VALUE! | EZ63: 79.810892 | FA63: #VALUE! | FB63: #VALUE! | FC63: 0.057501166 | FD63: 0.014101801 | FE63: -0.32262905 | FF63: #VALUE! | FG63: 10.553326 | FH63: -12.347983 | FI63: -277.98579 | FJ63: -5.3535433 | FK63: -56.203959 | FL63: #VALUE! | FM63: 19.067836 | FN63: 0 | FO63: #VALUE! | FP63: #VALUE! | FQ63: 0 | FR63: -13.76618 | FS63: 4.6541869 | FT63: -1466.4847 | FU63: -1291.3577
A64: Q2 2015 | B64: #VALUE! | C64: -2.1577061 | D64: 0 | E64: 51.381209 | F64: -1.3592112 | G64: 0 | H64: 0.16746726 | I64: -127.49215 | J64: 30.170982 | K64: 0 | L64: 0 | M64: 10.488235 | N64: 1.8661939e-05 | O64: -7.2932317 | P64: 0 | Q64: #VALUE! | R64: -30.667786 | S64: #VALUE! | T64: #VALUE! | U64: #VALUE! | V64: 13.290732 | W64: 2.9859102 | X64: -48.561809 | Y64: 4.5998626 | Z64: 0.20008133 | AA64: #VALUE! | AB64: -0.50576965 | AC64: 0 | AD64: -8.7384549e-05 | AE64: -0.9316662 | AF64: -43.202389 | AG64: #VALUE! | AH64: -0.34605456 | AI64: -0.34604833 | AJ64: -35.718951 | AK64: 0 | AL64: 0 | AM64: 1263.4133 | AN64: 0.15551616 | AO64: 0 | AP64: #VALUE! | AQ64: -0.34606078 | AR64: -0.057345517 | AS64: #VALUE! | AT64: 0 | AU64: #VALUE! | AV64: -0.51942397 | AW64: -3.6775217 | AX64: -0.055674785 | AY64: 0.0092065566 | AZ64: -14.504236 | BA64: -0.037977046 | BB64: -13.221797 | BC64: 0 | BD64: -2.6386522 | BE64: 0 | BF64: -6.374189 | BG64: -1668.4383 | BH64: -242.63631 | BI64: 0.0062206463 | BJ64: 0.093309695 | BK64: -589.21962 | BL64: -0.39928152 | BM64: 0 | BN64: -87.5867 | BO64: 0.031103232 | BP64: -19.470623 | BQ64: 0.19284004 | BR64: -0.68947747 | BS64: #VALUE! | BT64: 1.7703173 | BU64: 0.019609095 | BV64: -0.065316786 | BW64: 0.14929551 | BX64: 199.98758 | BY64: -18.38201 | BZ64: -403.2762 | CA64: #VALUE! | CB64: 0.52875494 | CC64: 0 | CD64: 0 | CE64: 0 | CF64: 11.665899 | CG64: 21.847283 | CH64: 149.62344 | CI64: 0.018661939 | CJ64: 90.814216 | CK64: #VALUE! | CL64: 0 | CM64: 1.4409086 | CN64: -2.0753504 | CO64: -1.1290473 | CP64: 0 | CQ64: #VALUE! | CR64: -27.184224 | CS64: 0.021772262 | CT64: -0.12441293 | CU64: -6.2206463e-08 | CV64: 0.93309695 | CW64: 0 | CX64: #VALUE! | CY64: -0.093309695 | CZ64: 0 | DA64: 6.9655687 | DB64: 115.414 | DC64: 0 | DD64: 0.074132888 | DE64: 1.8068421 | DF64: #VALUE! | DG64: 0.13527766 | DH64: 4.2128831 | DI64: #VALUE! | DJ64: 0 | DK64: 0.43554851 | DL64: #VALUE! | DM64: -299.3686 | DN64: 0 | DO64: 0 | DP64: #VALUE! | DQ64: 0 | DR64: 3.4584083 | DS64: -36.826226 | DT64: -9.0191596 | DU64: -0.45067942 | DV64: 0 | DW64: 7.1068707 | DX64: 0.46164732 | DY64: -8.0317332 | DZ64: 0.12377385 | EA64: -224.19209 | EB64: 11.817984 | EC64: 0.049765171 | ED64: 852.44808 | EE64: #VALUE! | EF64: 0 | EG64: 179.95397 | EH64: #VALUE! | EI64: #VALUE! | EJ64: #VALUE! | EK64: -8.4289758 | EL64: 3.16246 | EM64: #VALUE! | EN64: 0.80868402 | EO64: #VALUE! | EP64: -241.88983 | EQ64: 14.035708 | ER64: 30.174676 | ES64: -6.2777835 | ET64: -59.696485 | EU64: -1550.1887 | EV64: #VALUE! | EW64: 1.5551616 | EX64: 10.209854 | EY64: #VALUE! | EZ64: 79.810892 | FA64: #VALUE! | FB64: #VALUE! | FC64: 0.065305589 | FD64: 0.014101801 | FE64: -0.348425 | FF64: #VALUE! | FG64: 10.553326 | FH64: -9.8388139 | FI64: -277.98579 | FJ64: -5.3535433 | FK64: -56.196589 | FL64: #VALUE! | FM64: -9.1891388 | FN64: 0 | FO64: #VALUE! | FP64: #VALUE! | FQ64: 0 | FR64: -13.76618 | FS64: 4.6541869 | FT64: -784.09668 | FU64: -622.07639
A65: Q3 2015 | B65: #VALUE! | C65: -2.1577061 | D65: 0 | E65: 51.381209 | F65: -1.3592112 | G65: 0 | H65: 0.16746726 | I65: -127.49215 | J65: 30.170982 | K65: 0 | L65: 0 | M65: 10.488235 | N65: 1.8661939e-05 | O65: -87.593045 | P65: 0 | Q65: #VALUE! | R65: -30.69889 | S65: #VALUE! | T65: #VALUE! | U65: #VALUE! | V65: 13.290732 | W65: 2.9859102 | X65: -48.561809 | Y65: 4.5709537 | Z65: 0.23429489 | AA65: #VALUE! | AB65: -0.50576965 | AC65: 0 | AD65: -8.7384549e-05 | AE65: -0.9316662 | AF65: -43.202389 | AG65: #VALUE! | AH65: -0.34605456 | AI65: -0.34604833 | AJ65: -35.718951 | AK65: 0 | AL65: 0 | AM65: 1313.4895 | AN65: -6.7027464 | AO65: 0 | AP65: #VALUE! | AQ65: -0.34606078 | AR65: -0.057314969 | AS65: #VALUE! | AT65: 0 | AU65: #VALUE! | AV65: -0.51942397 | AW65: -3.8240801 | AX65: -0.055674785 | AY65: 0.0092065566 | AZ65: -14.504236 | BA65: -0.037977046 | BB65: -13.221797 | BC65: 0 | BD65: -2.6386522 | BE65: 0 | BF65: -6.1253511 | BG65: -1668.345 | BH65: -242.63631 | BI65: 0.0062206463 | BJ65: 0.093309695 | BK65: -589.09521 | BL65: -0.39928152 | BM65: 0 | BN65: -87.617803 | BO65: 0.031103232 | BP65: -19.43952 | BQ65: 0.19284004 | BR65: -0.68947747 | BS65: #VALUE! | BT65: 1.7703173 | BU65: 0.019609095 | BV65: -0.065316786 | BW65: 0.14929551 | BX65: 199.98758 | BY65: -18.38201 | BZ65: -403.2762 | CA65: #VALUE! | CB65: 0.52875494 | CC65: 0 | CD65: 0 | CE65: 0 | CF65: 11.665899 | CG65: 28.689994 | CH65: 157.42374 | CI65: 0.018661939 | CJ65: 90.814216 | CK65: #VALUE! | CL65: 0 | CM65: 1.541335 | CN65: -2.0753504 | CO65: -1.1290473 | CP65: 0 | CQ65: #VALUE! | CR65: -27.184224 | CS65: 0.021772262 | CT65: -0.12441293 | CU65: -6.2206463e-08 | CV65: 1.5551616 | CW65: 0 | CX65: #VALUE! | CY65: -0.093309695 | CZ65: 0 | DA65: 6.9637025 | DB65: 114.97901 | DC65: 0 | DD65: 0.074132888 | DE65: 1.3432755 | DF65: #VALUE! | DG65: 0.14788909 | DH65: 3.5908185 | DI65: #VALUE! | DJ65: 0 | DK65: 1.0576131 | DL65: #VALUE! | DM65: -299.3686 | DN65: 0 | DO65: 0 | DP65: #VALUE! | DQ65: 0 | DR65: 3.463933 | DS65: -36.826226 | DT65: -9.0191596 | DU65: -0.45067942 | DV65: 0 | DW65: 7.1068707 | DX65: 0.46164732 | DY65: -7.8951195 | DZ65: 0.12871174 | EA65: -224.19209 | EB65: 11.817984 | EC65: 0.037323878 | ED65: 929.61339 | EE65: #VALUE! | EF65: 0 | EG65: 179.95397 | EH65: #VALUE! | EI65: #VALUE! | EJ65: #VALUE! | EK65: -8.4289758 | EL65: 3.16246 | EM65: #VALUE! | EN65: 0.80868402 | EO65: #VALUE! | EP65: -241.86652 | EQ65: 13.933025 | ER65: 30.174676 | ES65: -6.2777835 | ET65: -59.696485 | EU65: -1550.1887 | EV65: #VALUE! | EW65: 1.5551616 | EX65: 11.846723 | EY65: #VALUE! | EZ65: 79.810892 | FA65: #VALUE! | FB65: #VALUE! | FC65: 0.065305589 | FD65: 0.014101801 | FE65: -0.31681963 | FF65: #VALUE! | FG65: 13.66365 | FH65: -7.2999899 | FI65: -277.98579 | FJ65: -5.3535433 | FK65: -56.342615 | FL65: #VALUE! | FM65: -9.3757581 | FN65: 0 | FO65: #VALUE! | FP65: #VALUE! | FQ65: 0 | FR65: -13.76618 | FS65: 4.6541869 | FT65: -710.14677 | FU65: -543.42785
A66: Q4 2015 | B66: #VALUE! | C66: -2.1577061 | D66: 0 | E66: 51.381209 | F66: -1.3592112 | G66: 0 | H66: 0.16746726 | I66: -127.49215 | J66: 30.170982 | K66: 0 | L66: 0 | M66: 10.488235 | N66: 1.8661939e-05 | O66: -93.417964 | P66: 0 | Q66: #VALUE! | R66: -30.69889 | S66: #VALUE! | T66: #VALUE! | U66: #VALUE! | V66: 13.290732 | W66: 2.9859102 | X66: -48.561809 | Y66: 4.5471369 | Z66: 0.28094974 | AA66: #VALUE! | AB66: -0.50576965 | AC66: 0 | AD66: 2.0216227 | AE66: -0.9316662 | AF66: -44.484215 | AG66: #VALUE! | AH66: -0.34605456 | AI66: -0.34604833 | AJ66: -35.718951 | AK66: 0 | AL66: 0 | AM66: 1367.2981 | AN66: -6.7000295 | AO66: 0 | AP66: #VALUE! | AQ66: -0.34606078 | AR66: -0.057281941 | AS66: #VALUE! | AT66: 0 | AU66: #VALUE! | AV66: -0.51942397 | AW66: -3.8243289 | AX66: -0.055674785 | AY66: 0.0092065566 | AZ66: -14.504815 | BA66: -0.037977046 | BB66: -13.221797 | BC66: 0 | BD66: -2.6386522 | BE66: 0 | BF66: -6.1253511 | BG66: -1668.2206 | BH66: -242.63631 | BI66: 0.0062206463 | BJ66: 0.093309695 | BK66: -589.0019 | BL66: -0.39928152 | BM66: 0 | BN66: -87.617803 | BO66: 0.031103232 | BP66: -19.408417 | BQ66: 0.19284004 | BR66: 1.4815281 | BS66: #VALUE! | BT66: 1.7703173 | BU66: 0.020581599 | BV66: -0.065316786 | BW66: 0.14929551 | BX66: 199.98758 | BY66: -18.38201 | BZ66: -403.2762 | CA66: #VALUE! | CB66: 0.52875494 | CC66: 0 | CD66: 0 | CE66: 0 | CF66: 11.665899 | CG66: 29.001026 | CH66: 165.79484 | CI66: 0.018661939 | CJ66: 90.769217 | CK66: #VALUE! | CL66: 0 | CM66: 1.641356 | CN66: -2.0753504 | CO66: -1.1290473 | CP66: 0 | CQ66: #VALUE! | CR66: -27.184224 | CS66: 0.021772262 | CT66: -0.12441293 | CU66: #VALUE! | CV66: 1.8661939 | CW66: 0 | CX66: #VALUE! | CY66: -0.093309695 | CZ66: 0 | DA66: 6.9637025 | DB66: 114.64901 | DC66: 0 | DD66: 0.074132888 | DE66: 1.8378309 | DF66: #VALUE! | DG66: 0.15302143 | DH66: 3.2797862 | DI66: #VALUE! | DJ66: 0 | DK66: 1.3686455 | DL66: #VALUE! | DM66: -299.3686 | DN66: 0 | DO66: 0 | DP66: #VALUE! | DQ66: 0 | DR66: 3.4639903 | DS66: -36.826226 | DT66: -9.0191596 | DU66: -0.45067942 | DV66: 0 | DW66: 7.1068707 | DX66: 0.46164732 | DY66: -7.5719867 | DZ66: 0.13239028 | EA66: -224.19209 | EB66: 21.622936 | EC66: 0.037323878 | ED66: 991.94426 | EE66: #VALUE! | EF66: 0 | EG66: 179.95397 | EH66: #VALUE! | EI66: #VALUE! | EJ66: #VALUE! | EK66: -8.4289758 | EL66: 3.16246 | EM66: #VALUE! | EN66: 0.80868402 | EO66: #VALUE! | EP66: -241.88983 | EQ66: 14.127991 | ER66: 30.174676 | ES66: -6.2777835 | ET66: -59.696485 | EU66: -1550.1886 | EV66: #VALUE! | EW66: 1.5551616 | EX66: 12.517775 | EY66: #VALUE! | EZ66: 79.810892 | FA66: #VALUE! | FB66: #VALUE! | FC66: 0.065305589 | FD66: 0.014101801 | FE66: -0.34159145 | FF66: #VALUE! | FG66: 13.974682 | FH66: -4.85217 | FI66: -277.98579 | FJ66: -5.3535433 | FK66: -56.34601 | FL66: #VALUE! | FM66: -38.114833 | FN66: 0 | FO66: #VALUE! | FP66: #VALUE! | FQ66: 0 | FR66: -13.296445 | FS66: 4.6541869 | FT66: -602.6906 | FU66: -425.61863
A67: Q1 2016 | B67: #VALUE! | C67: -2.1577061 | D67: 0 | E67: 51.381209 | F67: -1.3592112 | G67: 0 | H67: 0.16746726 | I67: -127.49215 | J67: 30.170982 | K67: 0 | L67: 0 | M67: 10.488235 | N67: 1.8661939e-05 | O67: -94.423611 | P67: 0 | Q67: #VALUE! | R67: -30.69889 | S67: #VALUE! | T67: #VALUE! | U67: #VALUE! | V67: 13.290732 | W67: 2.9859102 | X67: -48.561809 | Y67: 4.0862625 | Z67: 0.33071491 | AA67: #VALUE! | AB67: -0.50561413 | AC67: 0 | AD67: 3.0169261 | AE67: -0.9316662 | AF67: -46.186179 | AG67: #VALUE! | AH67: -0.34605456 | AI67: -0.34604833 | AJ67: -35.718951 | AK67: 0 | AL67: 0 | AM67: 1402.4447 | AN67: -6.7000295 | AO67: 0 | AP67: #VALUE! | AQ67: -0.34606078 | AR67: -0.057955896 | AS67: #VALUE! | AT67: 0 | AU67: #VALUE! | AV67: -0.51942397 | AW67: -3.997294 | AX67: -0.055674785 | AY67: 0.0092065566 | AZ67: -14.504815 | BA67: -0.037977046 | BB67: -13.221797 | BC67: 0 | BD67: -2.6386522 | BE67: 0 | BF67: -6.1253511 | BG67: -1668.1241 | BH67: -242.63631 | BI67: 0.0062206463 | BJ67: 0.093309695 | BK67: -588.97079 | BL67: -0.39928152 | BM67: 0 | BN67: -87.617803 | BO67: 0.031103232 | BP67: -19.34621 | BQ67: 0.19284004 | BR67: 1.4815281 | BS67: #VALUE! | BT67: 1.7703173 | BU67: 0.021622189 | BV67: -0.065316786 | BW67: 0.14929551 | BX67: 200.00627 | BY67: -18.38201 | BZ67: -403.2762 | CA67: #VALUE! | CB67: 0.52875494 | CC67: 0 | CD67: 0 | CE67: 0 | CF67: 11.665899 | CG67: 27.756897 | CH67: 172.30574 | CI67: 0.018661939 | CJ67: 90.769217 | CK67: #VALUE! | CL67: 0 | CM67: 1.7352221 | CN67: -2.0753504 | CO67: -1.1290473 | CP67: 0 | CQ67: #VALUE! | CR67: -27.184224 | CS67: 0.021772262 | CT67: -0.12441293 | CU67: #VALUE! | CV67: 0 | CW67: 0 | CX67: #VALUE! | CY67: -0.090199372 | CZ67: 0 | DA67: 7.9586949 | DB67: 114.31001 | DC67: 0 | DD67: 0.074132888 | DE67: 0.53642033 | DF67: #VALUE! | DG67: 0.15971111 | DH67: 3.2812687 | DI67: #VALUE! | DJ67: 0 | DK67: 1.3686455 | DL67: #VALUE! | DM67: -299.3686 | DN67: 0 | DO67: 0 | DP67: #VALUE! | DQ67: 0 | DR67: 3.4646275 | DS67: -36.826226 | DT67: -9.0191596 | DU67: -0.45067942 | DV67: 0 | DW67: 7.1068707 | DX67: 0.46164732 | DY67: -7.5719867 | DZ67: 0.1438842 | EA67: -224.19209 | EB67: 18.512628 | EC67: 0.031103232 | ED67: 1037.7904 | EE67: #VALUE! | EF67: 0 | EG67: 180.11698 | EH67: #VALUE! | EI67: #VALUE! | EJ67: #VALUE! | EK67: -8.4289758 | EL67: 3.1727241 | EM67: #VALUE! | EN67: 0.80868402 | EO67: #VALUE! | EP67: -241.88983 | EQ67: 14.318095 | ER67: 30.174707 | ES67: -6.2777835 | ET67: -59.696485 | EU67: -1550.1887 | EV67: #VALUE! | EW67: 0.62206463 | EX67: 12.817642 | EY67: #VALUE! | EZ67: 79.810892 | FA67: #VALUE! | FB67: #VALUE! | FC67: 0.065305589 | FD67: 0.014101801 | FE67: -0.34013605 | FF67: #VALUE! | FG67: 13.974682 | FH67: -4.9205312 | FI67: -277.98579 | FJ67: -5.3535433 | FK67: -56.346034 | FL67: #VALUE! | FM67: -80.896395 | FN67: 0 | FO67: #VALUE! | FP67: #VALUE! | FQ67: 0 | FR67: -13.296445 | FS67: 4.6541869 | FT67: -554.49726 | FU67: -422.78388
A68: Q2 2016 | B68: #VALUE! | C68: -2.1577061 | D68: 0 | E68: 51.381209 | F68: -1.3592112 | G68: 0 | H68: 0.16746726 | I68: -127.49215 | J68: 30.170982 | K68: 0 | L68: 0 | M68: 10.488235 | N68: 1.8661939e-05 | O68: 73.874681 | P68: 0 | Q68: #VALUE! | R68: -30.69889 | S68: #VALUE! | T68: #VALUE! | U68: #VALUE! | V68: 13.290732 | W68: 2.9859102 | X68: -48.561809 | Y68: 3.8331066 | Z68: 0.36803879 | AA68: #VALUE! | AB68: -0.50561413 | AC68: 0 | AD68: 3.141339 | AE68: -0.9316662 | AF68: -46.186582 | AG68: #VALUE! | AH68: -0.34605456 | AI68: -0.34604833 | AJ68: -35.718951 | AK68: 0 | AL68: 0 | AM68: 1428.2604 | AN68: -6.7000295 | AO68: 0 | AP68: #VALUE! | AQ68: -0.34606078 | AR68: -0.057955896 | AS68: #VALUE! | AT68: 0 | AU68: #VALUE! | AV68: -0.51942397 | AW68: -3.957824 | AX68: -0.055674785 | AY68: 0.0092065566 | AZ68: -14.504815 | BA68: -0.069080277 | BB68: -13.221797 | BC68: 0 | BD68: -2.6386522 | BE68: 0 | BF68: -6.1253511 | BG68: -1670.7399 | BH68: -242.63631 | BI68: 0.0062206463 | BJ68: 0.093309695 | BK68: -588.87748 | BL68: -0.39928152 | BM68: 0 | BN68: -90.354888 | BO68: 0.031103232 | BP68: -19.315107 | BQ68: 0.19284004 | BR68: -0.68947747 | BS68: #VALUE! | BT68: 1.7703173 | BU68: 0.022171907 | BV68: -0.065316786 | BW68: 0.14929551 | BX68: 200.00627 | BY68: -18.38201 | BZ68: -403.2762 | CA68: #VALUE! | CB68: 0.52875494 | CC68: 0 | CD68: 0 | CE68: 0 | CF68: 11.665899 | CG68: 24.957606 | CH68: 182.13302 | CI68: 0.018661939 | CJ68: 90.769217 | CK68: #VALUE! | CL68: 0.031103232 | CM68: 1.7881655 | CN68: -2.0753504 | CO68: -1.1290473 | CP68: 0 | CQ68: #VALUE! | CR68: -27.184224 | CS68: 0.021772262 | CT68: -0.12441293 | CU68: #VALUE! | CV68: 0 | CW68: 0 | CX68: #VALUE! | CY68: -0.093309695 | CZ68: 0 | DA68: 9.5132344 | DB68: 114.33801 | DC68: 0 | DD68: 0.074132888 | DE68: 1.3674691 | DF68: #VALUE! | DG68: 0.15971205 | DH68: 2.9707371 | DI68: #VALUE! | DJ68: 0 | DK68: 1.3686455 | DL68: #VALUE! | DM68: -299.3686 | DN68: 0 | DO68: 0 | DP68: #VALUE! | DQ68: 0 | DR68: 3.464649 | DS68: -36.826226 | DT68: -9.0191596 | DU68: -0.45067942 | DV68: 0 | DW68: 7.1068707 | DX68: 0.46164732 | DY68: -7.2995583 | DZ68: 0.14744039 | EA68: -224.19209 | EB68: 19.13827 | EC68: 0.031199177 | ED68: 1076.1407 | EE68: #VALUE! | EF68: 0 | EG68: 180.11698 | EH68: #VALUE! | EI68: #VALUE! | EJ68: #VALUE! | EK68: -8.4289758 | EL68: 3.16246 | EM68: #VALUE! | EN68: 0.80868402 | EO68: #VALUE! | EP68: -241.88983 | EQ68: 14.141015 | ER68: 30.174738 | ES68: -7.0553643 | ET68: -59.696485 | EU68: -1550.1887 | EV68: #VALUE! | EW68: 0.62206463 | EX68: 12.260055 | EY68: #VALUE! | EZ68: 79.810892 | FA68: #VALUE! | FB68: #VALUE! | FC68: 0.065305589 | FD68: 0.014101801 | FE68: -0.31662484 | FF68: #VALUE! | FG68: 11.797456 | FH68: -4.8834429 | FI68: -277.98579 | FJ68: -5.3535433 | FK68: -56.346138 | FL68: #VALUE! | FM68: -116.7833 | FN68: 0 | FO68: #VALUE! | FP68: #VALUE! | FQ68: 0 | FR68: -13.296445 | FS68: 4.6541869 | FT68: -347.14247 | FU68: -216.23036
A69: Q3 2016 | B69: #VALUE! | C69: -2.1577061 | D69: 0 | E69: 51.381209 | F69: -1.3592112 | G69: 0 | H69: 0.16746726 | I69: -127.49215 | J69: 29.14527 | K69: 0 | L69: 0 | M69: 10.488235 | N69: 1.8661939e-05 | O69: 284.10451 | P69: 0 | Q69: #VALUE! | R69: -30.69889 | S69: #VALUE! | T69: #VALUE! | U69: #VALUE! | V69: 13.290732 | W69: 2.9859102 | X69: -48.561809 | Y69: 3.7815015 | Z69: 0.38048008 | AA69: #VALUE! | AB69: -0.50561413 | AC69: 0 | AD69: 3.141339 | AE69: -0.9316662 | AF69: -46.188299 | AG69: #VALUE! | AH69: -0.34605456 | AI69: -0.34604833 | AJ69: -35.718951 | AK69: 0 | AL69: 0 | AM69: 1443.501 | AN69: -6.0406354 | AO69: 0 | AP69: #VALUE! | AQ69: -0.34606078 | AR69: -0.057955896 | AS69: #VALUE! | AT69: 0 | AU69: #VALUE! | AV69: -0.51942397 | AW69: -4.1073684 | AX69: -0.055674785 | AY69: 0.0092065566 | AZ69: -14.504815 | BA69: -0.069080277 | BB69: -13.221673 | BC69: 0 | BD69: -2.6386522 | BE69: 0 | BF69: -6.1253511 | BG69: -1670.9576 | BH69: -242.63631 | BI69: 0.0062206463 | BJ69: 0.093309695 | BK69: -588.81528 | BL69: -0.39928152 | BM69: 0 | BN69: -90.66592 | BO69: 0.031103232 | BP69: -19.284004 | BQ69: 0.19284004 | BR69: -0.68947747 | BS69: #VALUE! | BT69: 1.7703173 | BU69: 0.022171908 | BV69: -0.065316786 | BW69: 0.14929551 | BX69: 200.00625 | BY69: -18.38201 | BZ69: -403.2762 | CA69: #VALUE! | CB69: 0.52875494 | CC69: 0 | CD69: 0 | CE69: 0 | CF69: 11.665899 | CG69: 22.78038 | CH69: 192.13636 | CI69: 0.018661939 | CJ69: 90.769217 | CK69: #VALUE! | CL69: 0 | CM69: 1.8816348 | CN69: -1.5273547 | CO69: -1.1290473 | CP69: 0 | CQ69: #VALUE! | CR69: -27.184224 | CS69: 0.021772262 | CT69: -0.12441293 | CU69: #VALUE! | CV69: 0 | CW69: 0 | CX69: #VALUE! | CY69: -0.093309695 | CZ69: 0 | DA69: 9.5132344 | DB69: 114.08502 | DC69: 0 | DD69: 0.074132888 | DE69: 0.91043265 | DF69: #VALUE! | DG69: 0.15978483 | DH69: 3.2823663 | DI69: #VALUE! | DJ69: 0 | DK69: 1.3686455 | DL69: #VALUE! | DM69: -299.3686 | DN69: 0 | DO69: 0 | DP69: #VALUE! | DQ69: 0 | DR69: 3.4647663 | DS69: -36.826226 | DT69: -9.0191596 | DU69: -0.44071951 | DV69: 0 | DW69: 7.1068707 | DX69: 0.46164732 | DY69: -7.1373572 | DZ69: 0.14774601 | EA69: -224.19209 | EB69: 22.248643 | EC69: 0.031103232 | ED69: 1120.0585 | EE69: #VALUE! | EF69: 0 | EG69: 180.11698 | EH69: #VALUE! | EI69: #VALUE! | EJ69: #VALUE! | EK69: -8.4289758 | EL69: 3.16246 | EM69: #VALUE! | EN69: 0.83978725 | EO69: #VALUE! | EP69: -241.88983 | EQ69: 14.17178 | ER69: 30.174769 | ES69: -7.0553643 | ET69: -59.696485 | EU69: -1550.1887 | EV69: #VALUE! | EW69: 1.5551616 | EX69: 14.361447 | EY69: #VALUE! | EZ69: 79.810892 | FA69: #VALUE! | FB69: #VALUE! | FC69: 0.065305589 | FD69: 0.014101801 | FE69: -0.32978774 | FF69: #VALUE! | FG69: 12.41952 | FH69: -4.8502814 | FI69: -277.98579 | FJ69: -5.3535433 | FK69: -56.348908 | FL69: #VALUE! | FM69: -122.13617 | FN69: 0 | FO69: #VALUE! | FP69: #VALUE! | FQ69: 0 | FR69: -13.766197 | FS69: 4.6541869 | FT69: -63.9388 | FU69: 34.728623
A70: Q4 2016 | B70: #VALUE! | C70: -2.1583593 | D70: 0 | E70: 46.404692 | F70: -1.3592112 | G70: 0 | H70: 0.16746726 | I70: -127.49215 | J70: 20.015394 | K70: 0 | L70: 0 | M70: 10.488235 | N70: 1.8661939e-05 | O70: 380.75586 | P70: 0 | Q70: #VALUE! | R70: -30.69889 | S70: #VALUE! | T70: #VALUE! | U70: #VALUE! | V70: 13.290732 | W70: 2.9859102 | X70: -48.469128 | Y70: 4.4848449 | Z70: 0.39292137 | AA70: #VALUE! | AB70: -0.50561413 | AC70: 0 | AD70: 7.1225526 | AE70: -0.9316662 | AF70: -46.188299 | AG70: #VALUE! | AH70: -0.34605456 | AI70: -0.34604833 | AJ70: -35.718951 | AK70: 0 | AL70: 0 | AM70: 1447.5444 | AN70: -4.4356603 | AO70: 0 | AP70: #VALUE! | AQ70: -0.34606078 | AR70: -0.058007527 | AS70: #VALUE! | AT70: 0 | AU70: #VALUE! | AV70: -0.51942397 | AW70: -4.1076172 | AX70: -0.055674785 | AY70: 0.0092065566 | AZ70: -14.504815 | BA70: -0.069080277 | BB70: -13.221673 | BC70: 0 | BD70: -2.6386522 | BE70: 0 | BF70: -6.1253511 | BG70: -1670.8954 | BH70: -242.63631 | BI70: 0.0062206463 | BJ70: 0.093309695 | BK70: -588.78417 | BL70: -0.39928152 | BM70: 0 | BN70: -90.66592 | BO70: 0.031103232 | BP70: -19.221797 | BQ70: 0.19284004 | BR70: -0.68947747 | BS70: #VALUE! | BT70: 1.7703173 | BU70: 0.022286523 | BV70: -3.1414264 | BW70: 0.14929551 | BX70: 200.00627 | BY70: -18.38201 | BZ70: -403.2762 | CA70: #VALUE! | CB70: 0.52875494 | CC70: 0 | CD70: 0 | CE70: 0 | CF70: 11.665899 | CG70: 29.001026 | CH70: 202.01487 | CI70: 0.018661939 | CJ70: 90.769217 | CK70: #VALUE! | CL70: 0 | CM70: 1.9932066 | CN70: -1.5273547 | CO70: -1.1290473 | CP70: 0 | CQ70: #VALUE! | CR70: -27.184224 | CS70: 0.021772262 | CT70: -0.12441293 | CU70: #VALUE! | CV70: 1.8661939 | CW70: 0 | CX70: #VALUE! | CY70: -0.093309695 | CZ70: 0 | DA70: 10.509782 | DB70: 113.65902 | DC70: 0 | DD70: 0.074132888 | DE70: 1.3466856 | DF70: #VALUE! | DG70: 0.15978483 | DH70: 2.6605595 | DI70: #VALUE! | DJ70: 0 | DK70: 1.6796778 | DL70: #VALUE! | DM70: -299.3686 | DN70: 0 | DO70: 0 | DP70: #VALUE! | DQ70: 0 | DR70: 3.5359336 | DS70: -36.826226 | DT70: -9.0191596 | DU70: -0.42574965 | DV70: -0.627299 | DW70: 7.1068707 | DX70: 0.46164732 | DY70: -7.1373572 | DZ70: 0.16438223 | EA70: -224.2232 | EB70: 29.09143 | EC70: 0.031103232 | ED70: 1192.6223 | EE70: #VALUE! | EF70: 0 | EG70: 180.11698 | EH70: #VALUE! | EI70: #VALUE! | EJ70: #VALUE! | EK70: -8.4289758 | EL70: 3.16246 | EM70: #VALUE! | EN70: 0.83978725 | EO70: #VALUE! | EP70: -241.88983 | EQ70: 14.114378 | ER70: 30.1748 | ES70: -6.8261387 | ET70: -59.696485 | EU70: -1550.1789 | EV70: #VALUE! | EW70: 1.5551616 | EX70: 14.519579 | EY70: #VALUE! | EZ70: 79.810892 | FA70: #VALUE! | FB70: #VALUE! | FC70: 0.065305589 | FD70: 0.014101801 | FE70: -0.34705596 | FF70: #VALUE! | FG70: 12.108488 | FH70: -4.9326892 | FI70: -277.98446 | FJ70: -5.3535433 | FK70: -56.349732 | FL70: #VALUE! | FM70: -124.13922 | FN70: 0 | FO70: #VALUE! | FP70: #VALUE! | FQ70: 0 | FR70: -13.766197 | FS70: 4.6541869 | FT70: 116.25265 | FU70: 149.85988
